"id","aoguid","shortname","offname"
1,"00012df6-ee93-476a-a65d-41ae8802e6b8",ул,Ярославская
2,"00780a9c-32a1-41ba-ae1e-0b09a2d846d3",ул,"5-я Северная"
3,"009e6d33-b007-4c28-b0c1-fc01342fe95b",ул,Лобкова
4,"012018c1-fea1-448e-94b6-bb964a5223b6",ул,Пугачева
5,"01339f2b-6907-4cb8-919b-b71dbed23f06",ул,Линейная
6,"0145b05f-2c4d-4b6d-8f88-bd25af842259",ул,Селекционная
7,"0167c8d1-48c8-4d56-85fd-29921106a5cb",ул,Днепровская
8,"0218bf4d-8726-477b-850c-879a4cc0e120",тракт,Старый Тобольский 3 км
9,"025bc26d-53c6-481f-b6aa-16e4d705eb65",ул,Литовская
10,"02700272-1ad0-4f95-b62d-4cff04055380",ул,Карская
11,"02764cef-ea3e-4833-947b-069628628812",ул,Хвойная
12,"0278d3ee-4e17-4347-b128-33f8f62c59e0",ул,Орджоникидзе
13,"027ca250-253f-4bf7-a3d5-2a3548ac9449",ул,Оптимистов
14,"02c8e0af-d5da-43ba-9033-110addf8a2df",ул,Новокузнецкая
15,"02eb7313-5529-4a3d-8fe8-b2210b16bea9",проезд,"2-й Избышевский"
16,"033922c8-f8b3-4932-b483-a2e51bdfea16",ул,Светлая
17,"03cc45c7-6dd1-4ef2-8ed4-c51de39d9e17",проезд,Миндальный
18,"0417c207-fec0-4ccc-a1c7-5da4e1c25484",пер,Печерский
19,"04b69ad1-5778-48a1-b9f3-567e311862ad",ул,Рыночная
20,"0541048f-ad4e-43bd-8048-d925579dbc6c",ул,Магаданская
21,"0547940f-5523-44ce-abed-96a63efb3f3f",ул,Усиевича
22,"0548d7b8-c23c-4403-b984-3c818753b7fa",ул,Княжевская
23,"054feac7-9e4d-4a89-90fc-2e1c7e43ce0c",пер,Дальневосточный
24,"0582aabd-4f78-41d7-90fa-d2fb19955610",ул,Котовского
25,"05dadf3f-31b2-4864-917b-f2804e2b9c5f",ул,Просторная
26,"060380ca-0887-4e32-8605-336594ecb068",ул,Красная
27,"060d4f49-6dac-4bdf-b59b-c01201b7c1a0",ул,Связистов
28,"06429ebc-7d79-4dd3-8069-c246e134dea5",ул,Федора Дозорцева
29,"0657a0ce-05c8-464c-8145-354da46bb99e",пер,"1-й Новый"
30,"069593cb-3ace-42cf-87df-1334d88aa70c",ул,"3-я Рассветная"
31,"06c37925-b4ad-4e57-b2ee-f0eaf15f30e3",ул,"2-я Луговая"
32,"06e9b1ea-1a6a-4019-ae51-5276601a40bb",ул,Болотникова
33,"07306367-2694-4ee0-92fe-4b245d22e581",ул,Пароходская
34,"080aac94-745d-47d4-898d-e36fb7f0aef3",ул,Комиссаржевской
35,"08138902-1243-410a-bb89-4969da8cc88f",ул,Рижская
36,"0845ebb0-b96b-4179-8cac-ba09ae1c6b22",ул,Ушакова
37,"089f18ee-6385-4d8d-b8e8-af37f216610c",ул,Архитекторов
38,"09418653-3f2a-4716-b940-9bd4fd23edac",ул,Тимуровцев
39,"095c293e-879f-43a2-aa50-eccbea3e6402",ул,Карамзина
40,"09be0aad-beed-4a96-991c-3763bb15b953",ул,Удачная
41,"09c72066-cfd2-404b-aff1-43aaa6a980e5",ул,Победы
42,"09ce4d05-c02a-45a2-bbdb-52c75dd09438",пер,Иркутский
43,"09f22fd5-2579-4535-b885-99398440a544",ул,Салымская
44,"09fc9c65-0b7a-4944-a4a5-75f4e48f59de",ул,Малая Заречная
45,"0a320b5d-755c-473b-9bd7-290885499c37",ул,Даудельная
46,"0a61da2d-ed5d-4213-98a6-607612fcbaa4",пер,Никольский
47,"0b041482-3f11-40a7-886f-bb938b2d2484",ул,Береговая
48,"0b745935-889b-4392-99f8-419f5d604076",ул,Павла Зырянова
49,"0b9399d4-b9bd-4a38-9a56-0148fffa7012",ул,Ижевская
50,"0bb4e878-9e22-49cb-b861-e35f1921f068",пер,Запотоцкого
51,"0bb90af6-31d5-42fc-9cf7-15098c9941fe",ул,Котельщиков
52,"0bbd3ebf-4fd5-41cc-87dc-0a1dca919746",ул,Дзержинского
53,"0be6897f-32a3-485f-b4c2-2ea4464d51c4",ул,Южная
54,"0c475a02-c504-43de-bc51-e6d6596ecc9b",ул,Николая Гондатти
55,"0cd4d2a4-5553-4caa-a307-6a5187698594",ул,Новозаимская
56,"0d1be73d-3e55-4608-a6ba-defcd728504c",тракт,Салаирский 13 км
57,"0d271f47-749a-4552-8638-4338dd5df05a",пер,"4-й Гостевой"
58,"0d997b92-b327-4f7b-9bda-93f60b4099db",ул,Габдуллы Тукая
59,"0dd5ae97-0e71-43ac-a124-9b49811ecf40",проезд,Онежский
60,"0e7d7c4d-b57f-41b7-ab40-275f37072143",пер,"3-й Новый"
61,"0e89f055-0d6b-4fba-a9c6-1519afb9f262",ул,Тарманская
62,"0ea02d8e-d6df-49fe-a220-24ee77af93cb",ул,Шевченко
63,"0eaa1e43-a5c7-4eb4-b6b6-ee68155211d3",пер,Казаровский
64,"0eec1b4f-dd7f-44f3-9ccb-bf3c1985b917",тракт,Салаирский
65,"0ef4294c-7c17-423b-b714-f33d7a46056d",ул,Городская
66,"0f4334a0-b7b2-4769-9aac-77a92925968f",ул,Депутатская
67,"0f5e254a-b2c6-495b-9436-cbaf029534e5",ул,"1-я Молодежная"
68,"0f87ce09-66ea-44ea-b6d8-79c2b10cc3a5",ул,Николая Глебова
69,"0f917199-e198-4b9e-9e30-2acb70817aa4",ул,Чайная
70,"0fb4603c-7164-4103-8a7a-7d708ed563d4",ул,Таймырская
71,"0fb85909-8893-4079-901a-c76a7ced1b18",ул,Вьюжная
72,"0fc66751-aefd-4262-81f0-31b4e686c89a",тракт,Старый Тобольский 12 км
73,"0ff1f03c-71be-4bca-aa03-7621ed4d40fe",ул,Мелиораторов
74,"100d4b1a-ab92-476f-8080-9c48fe60de57",ул,Мебельщиков
75,"102146f5-2f8e-4218-a8b9-9b7b2819e84e",ул,Раневской
76,"102aff2e-0539-4b7c-8e61-d1fc70eaf014",проезд,Вятский
77,"103d2e4d-9368-4536-98a8-e85e9c62b9cc",ул,Астраханская
78,"104a6832-f8a2-4b8c-a485-6e08a87d2024",ул,Актюбинская
79,"1067e931-9263-408f-90c7-64c3fa835d35",ул,Славянская
80,"1081e752-7baa-40d6-aab8-295e1eb81c54",ул,Губкинская
81,"10b43598-af90-4144-9353-593f708f53f7",ул,Урожайный
82,"10d01ccd-56db-419c-b421-5ed00b7bc74b",ул,"1-я Северная"
83,"10ea0be8-04ef-4812-aabd-bd1460f8e1ec",тракт,Салаирский 6 км
84,"112c85b7-a99e-4dde-bf56-a2751698e2c2",пер,Битюкова
85,"112d8ddc-f81d-4775-82d8-2e6940613325",ул,Краснодонская
86,"113ecc73-7f8b-4c6d-8f60-5317e879b353",ул,Провинциальная
87,"11480b41-069e-48cf-915c-2b7379a8757d",тракт,Велижанский 9 км
88,"11579186-ccb9-4e70-8107-9dce6786e28b",ул,Тополиная
89,"1173d796-8618-4c47-a297-cafb3c89473b",ул,Добрая
90,"1197421c-8d48-41ee-9b1c-63f97e65c921",ул,Журавлиная
91,"1240f1ed-b47a-4631-bc10-4db0a2be7b0c",тракт,Велижанский 13 км
92,"12aad673-9287-439e-8196-cf8eac92799e",ул,Уютная
93,"13253f6a-0100-4362-891d-4dc9842c37ee",ул,Тамерлана Ишмухамедова
94,"13608f95-8f53-445f-8a3a-c52ff3c561f0",ул,Димитрова
95,"138bcdeb-bfcc-43d6-ad31-fc43b9d8589b",ул,Прокопия Артамонова
96,"13951caa-336a-4427-be2d-0973a566c2a4",ул,Липецкая
97,"13ba8d12-6403-4c86-827e-5cae18f275a6",ул,Столичная
98,"13c66c4c-c0fb-46ce-bddf-6d2572c03c7b",ул,Салехардская
99,"14034775-9299-4b66-97e1-4b7579a76c23",ул,Волостная
100,"1433750d-f5f5-4059-9e2b-741c4b04c229",ул,Алебашевская
101,"148cd958-d2a5-4dc7-b054-9b37db67061a",ул,Юности
102,"149d9ad8-6e04-406a-8b6b-4c06abb39298",тракт,Старый Тобольский 7 км
103,"149eda64-b8fc-4cb6-96c2-353a49af6d1a",ул,Анатолия Малова
104,"14a1848c-84fc-4400-a5c6-a8b40ac65601",ул,Андрея Кореневского
105,"14a8c5ad-de9f-41c0-8703-84f83e2a0cc3",проезд,Летний
106,"15005899-e326-4e60-9872-564bc1325ec2",проезд,Ягодный
107,"15545997-d4c9-440e-bb3e-94c859d6a68b",ул,Дмитрия Менделеева
108,"15557c14-4ba5-42e9-92f5-ce03ed2cf476",ул,Тургенева
109,"15db7e25-7332-48eb-9212-524f34a4cd25",ул,Новаторов
110,"161ef2f4-8a08-4da1-bac7-a7665e2218c1",ул,Алексея Маресьева
111,"16b92adc-a934-4612-8ede-bfd00e0d3a24",ул,Российская
112,"16ddb115-e113-44d6-8e47-dd87a610234c",пер,Барнаульский
113,"1724ffdc-b404-4813-b64f-41090c1c5b61",ул,Никиты Карацупы
114,"173599d6-d3dd-4d1e-8642-fe99fa68e7ba",ул,Тальниковая
115,"176d9dd9-0643-41e0-b562-04562f721cbd",ул,Знаний
116,"177d7605-5583-4f81-8019-705874b72a02",ул,Грибная
117,"17c65262-7e58-4845-b2a7-e52d2c56c9ec",пер,Железнодорожный
118,"17cc81f2-d2e3-4365-a241-1f793151580e",ул,Варшавская
119,"17ce1e76-8964-4501-b978-96eb69cae1c6",ул,Вишневая
120,"17f362fc-81b1-4bbb-88f4-fa40e91ca273",проезд,Ольховый
121,"17f40638-9294-428e-aee0-55b93bb5de3e",ул,Монолитная
122,"1863d928-ef1b-43d6-b309-857917e6b445",ул,Маяковского
123,"1878b541-4c97-4a63-9b17-c06cd4caa931",проезд,Кофейный
124,"18975385-e815-45dd-a36e-b93858ac50da",ул,Пушкина
125,"1929d723-09f8-4053-a0ed-661f673cab52",пер,"2-й Мостовой"
126,"1947ec78-ed7a-4939-bce6-86dc3fbfe541",ул,Николая Чаплина
127,"19a4efff-4651-43fb-bc1f-073ea828f801",ул,Бирюзовая
128,"19d00d50-a970-4ca6-a198-75fa3352806e",ул,Азовская
129,"19dcbccd-0f27-487a-9ab8-da6614d595b6",пер,Покровский
130,"1a1a5d77-6d33-48a7-9474-b539a3d8267e",ул,Юлиуса Фучека
131,"1a4cd518-c310-4653-97a2-1a79d91fafdd",пер,"8-й Степной"
132,"1ac86e0a-66a8-47ab-9186-ab32ed5c8d81",пер,"2-й Гостевой"
133,"1ad18385-f442-4a71-84ef-d0e1e2b506d0",ул,Фестивальная
134,"1b0c5fbb-35bc-40c6-b1c7-c3f56223d04e",ул,Даргомыжского
135,"1b21991e-b44d-44dd-8ab2-f25730e89812",проезд,Воронинские горки
136,"1b639da9-1f40-4bd2-857c-ffc3a43f970b",ул,Родная
137,"1b968580-6638-4401-a4ca-9475b4b3ab01",ул,Невская
138,"1b995ad3-4c94-4370-9f9e-3e0ffbcc64f1",ул,Комарова
139,"1bc06053-f906-456e-8372-d9a1b364d8b8",проезд,"4-й Земской"
140,"1c39d4f9-6861-46ac-8cc6-636baa67ed2f",ул,Петровка
141,"1c3d1b77-92ee-4262-8afd-8f13b4f1a628",ул,Льва Каретина
142,"1c59320b-0f54-451b-951d-d4811e2e81ba",ул,Матмасовская
143,"1c61ec7d-d667-41ae-a061-57fc7fb62b3b",ул,Задорожная
144,"1c8648e6-672a-4755-8723-0cf628a67d47",проезд,Можайский
145,"1cad8d8d-d8f3-4a8b-be5a-58f73e2ec068",ул,Ореховая
146,"1cc424c8-66bb-4c29-89e5-3246e42d22cd",ул,Молодогвардейцев
147,"1cd9686a-a48b-4389-b9d9-4fd1cdca6744",ул,Максима Горького
148,"1ce63d52-53d3-45b5-b0c4-fc319dc4de13",ул,Новая
149,"1d23d63b-217d-4a4d-a5e2-77b613562356",ул,Госпаровская
150,"1d60e77e-5b8d-46ed-abe8-82860ea440b8",ул,Вересковая
151,"1d9fb46e-8b36-4d1f-8b54-7c74f08cc130",ул,Жемчужная
152,"1da96efb-58bf-46ec-bcce-1ee409c42e46",пер,Красовского
153,"1df5d5d2-9dea-4c41-a0e9-e8fc419e6597",ул,Юрия Семовских
154,"1e274f3b-9f80-4ce0-9465-1b59943897bf",проезд,Андрея Кижеватова
155,"1ed89b82-37c8-4520-b3ed-05e463a46dbe",ул,Набережная
156,"1efb1c96-2ec1-4994-a668-934ce8d3626e",пер,"4-й Северный"
157,"1f744f20-78e0-4b1a-af83-fcb011bcbb4c",проезд,Призывной
158,"1f853a96-61c5-4b80-a360-f384f799f75a",пер,Воровского
159,"1fc3c647-e6e7-496c-8e2a-66402f1b1a3f",тракт,Велижанский 5 км
160,"1fe7a0fc-c0fd-4772-8cfa-4c09b4e67716",пер,Чистый
161,"205619b2-0600-4d81-91e4-32a8513061db",ул,Метелёвская
162,"206b2bcd-fb77-4edf-bfdd-97a1eb701a64",ул,"4-я Западная"
163,"20f1156c-f964-4dab-a08a-0dcc55dacd75",ул,Магистральная
164,"2135a174-e6bd-4719-8969-8fe13a6c076f",ул,Парфенова
165,"2170e88d-e5a6-4104-89b7-df291273c92b",ул,Агеева
166,"217428dc-75d3-47fe-bef2-f2652d23a71e",ул,Затюменская
167,"218ea4a5-57b9-4421-bfb5-43d10f6d84e3",пер,Пристанский
168,"21b52742-e756-4f3e-b045-39339c499e1a",ул,Александра Сазонова
169,"21bbb4d8-f80d-4099-9b45-28bbf7721a72",ул,Городищенский Лог
170,"221d5e83-6282-4573-adf9-acf6c89f0e75",ул,"5-я Элеваторная"
171,"222ed15e-3796-4007-a38e-7356db7b3648",ул,Конституции
172,"222ee2d9-1ef1-48a5-a3d7-3404c4785edd",проезд,Юганский
173,"22616572-77ca-47f7-908f-f24e4cc7be90",ул,Весенняя
174,"22c2d1df-a2fc-4bd9-88a9-0c993efff888",ул,Шахтеров
175,"22d43764-0085-470c-9aba-1696cb63a481",проезд,"2-й Земской"
176,"23663d26-eb6f-4d77-95c3-3aae89ccb8de",ул,Рощинская
177,"238ddbe3-556d-4042-bfa0-2c892be52a9a",ул,Героев Сталинградской битвы
178,"23d253cf-e5ad-40ad-87de-217e607bf332",ул,Николая Семенова
179,"240a4dc4-6083-4101-b9d6-4ace0b75b088",пер,Короткий
180,"242b571e-cc8f-4252-ba0f-3732867ca68e",ул,Розы Трениной
181,"2430254c-a87b-425f-9ea1-64f4f87d48a5",ул,Масловский взвоз
182,"243a8c81-c3b9-454b-919a-f7c34f31f314",ул,Малиновая
183,"24649734-9dc6-4ded-aa82-235cad50e347",ул,Институтская
184,"247cf08c-7b33-4a7e-bd5c-7566cc68a579",ул,Ачинская
185,"24cb251a-7772-438b-bf1a-f8e158ab3d2f",ул,Богандинская
186,"24cc43a4-95b6-4197-a3d3-68f87c08d616",ул,Черняховского
187,"24e495d2-3817-47d1-9fba-b3bc9cb63aae",тракт,Салаирский 7 км
188,"2500de98-5042-4635-bc10-15bcb3c3595d",ул,Студенческая
189,"25305c4d-cfe2-4304-ba8b-2c44c5a1d159",ул,Междуреченская
190,"255e822c-66dd-4a80-b9ad-a20d071bacf7",ул,Измайловская
191,"25a876a9-ddac-407d-8b3d-a45724131f42",ул,Петербургская
192,"25d69b8c-07d6-4861-9a97-beed24aacd6a",ул,Степана Разина
193,"2605aad0-ab92-4856-bf89-65be737bf184",ул,Обская
194,"26459591-3d0d-45ed-9512-3925108cee80",ул,Коммуны
195,"265f5034-557e-41ff-8c2e-cd0753dd02ba",проезд,"3-й Престольный"
196,"2661a5ea-a4d1-416a-96da-9f2f746b0b81",тракт,Салаирский 1 км
197,"26cd3ee4-eb69-46ac-bf65-e9757eab7683",ул,Тимофея Несговорова
198,"26d8c364-5db7-4980-8045-4f208ade938f",ул,Лучистая
199,"26e47e37-024c-4bda-bd8b-f531e498ba07",проезд,"3-й Избышевский"
200,"26eb4688-6fe5-4597-9a47-2aa52cf1c680",ул,поэта Габдуллы Тукая
201,"26f6d433-1945-4062-828d-b38596882549",ул,Степная
202,"2732a3b5-f180-4212-a6da-d6aa61c49446",ул,Алексея Первухина
203,"276a2319-e17c-43f7-9e58-88f4c3e9fc75",ул,Планетарная
204,"278422de-4a11-475b-b356-adaf439c7c0e",ул,разведчика Кузнецова
205,"2842eedf-85a6-489c-abfa-fcece2dc0299",ул,Радистов
206,"298b668f-31f6-4d76-b64b-bcc2aac862ce",ул,Оболенского
207,"29b0db60-130c-4091-aa55-d3716e611d46",тракт,Салаирский 3 км
208,"29b77bd8-d6a7-41bc-ad97-1a63ff68a935",ул,Поликарпа Прокопьева
209,"29bf22a7-bb8a-4b41-a882-e0f09bbe8622",ул,Краснооктябрьская
210,"29c677c6-e994-4471-9f94-5bb6be4dfc6a",проезд,"3-й Посадский"
211,"29e63aeb-4630-4a14-8b57-804516845d14",ул,Речная
212,"2a31c448-f233-4759-bcd4-8a454ea0d95f",проезд,Гимнастический
213,"2a373ce5-c98e-4c0e-98b2-6e390a36e01a",ул,Смоленская
214,"2a381cf1-7eb9-4886-90c0-ea2000060a99",ул,Пшеничная
215,"2a419dff-5509-4601-8e47-953821fa03da",ул,Крещенская
216,"2a593671-4b73-45a8-87b0-9c7f4309d885",ул,Гастелло
217,"2a5a1da7-4720-45b3-9a35-6eabe71510e6",ул,Югорская
218,"2a5bcf8a-68fe-48f1-8825-2eb63073df41",ул,Заозерная
219,"2a5c17a2-acc8-4238-88f5-bbf3fd493d19",ул,Коммунистическая
220,"2a798986-261e-4cda-a0d1-9f81e68aba02",ул,Блюхера
221,"2abcfeb9-4c33-4534-acf1-75f35b9bd9f0",ул,Застройщиков
222,"2abe8d24-a802-48ee-b46a-104e3b4f9a63",ул,Дорожная
223,"2b3f50a3-33e6-4fbb-a758-c925fc1bf9ae",пер,"1-й Гагарина"
224,"2b50d7ff-f6bf-4ac8-8ce3-935fdf23665c",ул,Кузнечная
225,"2b5c6c0a-0c0b-467d-9608-99f9303c92db",ул,Фурманова
226,"2b6d5651-5078-4af9-82d8-9f3e10fbc619",проезд,Ладожский
227,"2b97a48b-3ff3-483f-beea-40f03067b7d1",пер,Дачный
228,"2bc6422a-a99a-4d10-b3cc-9d3c275a6a07",ул,Инженерная
229,"2bf6b2d8-06f9-47f4-9c10-badd78b7619a",ул,Индустриальная
230,"2c1c6ece-21d1-4831-9b0d-c08ead5fedef",ул,Якутская
231,"2c424eca-152c-4772-861b-ddd632aee564",ул,Изобильная
232,"2c54d32c-c12e-47a9-9738-3881e6802fff",пер,Дунайский
233,"2c980520-0b90-4012-bc74-df4cc5548b2a",ул,Зайковская
234,"2cdabf6c-6161-4fa9-b692-d499d0520212",ул,Санаторная
235,"2d4cd9af-ed62-497d-8de5-4e1ac1833611",тракт,Велижанский
236,"2d7afaef-9564-4b08-a377-0f3be1d1a593",ул,Челюскинцев
237,"2d8a3c68-5298-4676-8b49-2f47633bdc95",пер,Видный
238,"2d905e1a-5e71-47c7-a45d-c60aa8ccfb67",ул,Тихая
239,"2dcbcbbe-b2a2-487e-8d8a-eabce299c0fa",ул,Викуловская
240,"2dfdabb0-4b11-481d-9706-c85c377740b9",ул,Киевская
241,"2e112fb2-7b7d-4df2-97ef-4fd722224d6d",ул,Ратная
242,"2e1af093-16d9-4863-bff2-eb6a99c1a159",ул,"25 Октября"
243,"2e30468e-9d3f-460d-bfd1-b112f08901aa",пер,Травный
244,"2e6ac87e-a1c2-4ae0-aa6e-f9be593fe8e1",пер,Бабушкина
245,"2e76932c-8496-424c-8e86-ca638c8495c0",ул,Брестская
246,"2ea34bb0-7672-4806-abc8-a205539e0b30",ул,Пограничников
247,"2ea365c4-93f8-4d88-9567-63a1dda7e3a9",ул,Камышинская
248,"2f7524d3-35ce-425f-aabe-5c6549b9027b",пер,Новаторский
249,"2fc3706c-5e05-42d0-bc17-396aff2a7efb",ул,"2-я Элеваторная"
250,"2fd57aa3-745a-4f39-a42d-c80229e6680b",проезд,Пограничников
251,"300070e2-1e28-4364-ab1e-7597f1544b28",ул,Покровская
252,"300c1359-169c-47a6-90e5-e63458c5af3b",ул,Земная
253,"303d6359-9e96-429a-94e0-8cd2c306f313",ул,Рощинское Шоссе
254,"30b2ac18-3b19-4145-ad7e-78ad17fc9bf2",пер,Безноскова
255,"30b3c392-bc2c-46f8-b6ef-cd1f19d9c610",ул,Самарская
256,"30c14e21-5648-48c8-88e5-081305eaf43b",ул,Поперечная
257,"30c17366-3a24-4e9a-9917-f55c884e288e",ул,Бакинских Комиссаров
258,"30cdff81-8348-4e8d-af16-23297f8a80c4",ул,Вербная
259,"30dc1826-6e9e-40b8-9a9e-cc75cd80085c",ул,Облепиховая
260,"30e94315-b35a-4a28-9b66-3ca4b9643159",ул,Академическая
261,"311b328f-b19d-4534-b4cd-c1e068ae6500",ул,Дмитрия Носова
262,"313a0797-0ba1-4634-be54-ef66bdeeb078",проезд,"2-й Престольный"
263,"31575e9b-d914-4b44-a3a1-a457232c0da0",пер,"7-й Степной"
264,"316010b1-ed23-41c2-ad6c-c0d49b4fd16f",ул,Нефтеюганская
265,"318991f7-409b-4899-a1fc-ca32b1c978c7",ул,Зои Космодемьянской
266,"31eddcc8-7a98-465a-b49f-e8db30d72e3b",пер,Майский
267,"31f020f3-dc4b-40cf-b9f5-697655c92775",ул,Кленовая
268,"3283b329-8437-4901-a29a-a2fcc4657b9a",ул,Михаила Пришвина
269,"32c4c375-be64-4cc9-9802-2615cd121c1a",ул,Прибрежная
270,"32c629b7-3e8a-4d7f-8804-8f9638c797f2",тракт,Ялуторовский
271,"32da28a4-da4c-4e1b-813e-810c1c4c46cf",ул,Омутинская
272,"3349d09b-2074-4c93-b846-e333d994e150",пер,Каменогорский
273,"334b1fd7-3ea9-4d56-9f19-faa65a77d753",ул,Комсомольская
274,"33731551-535e-47d8-8303-1a1d723bbca4",пер,Актюбинский
275,"3399c166-4cf6-43cf-a395-7605e066a4de",ул,Каспийская
276,"33aa7adb-7430-4698-b1f5-3321570effaf",ул,Буковая
277,"33d43e7b-bc78-4231-8e0a-1f7233751b68",ул,Хабибуллы Якина
278,"33e999b7-1843-4c31-b9af-f07f8eacb8c9",ул,Карагандинская
279,"33f47ec2-1d3b-45bc-ab4a-3bb11c741766",ул,Серова
280,"33ff1f3c-e4b5-4702-8044-ee9a1747821a",ул,Томская
281,"341ba0b8-ceab-42e1-a416-00984fcb6040",ул,Туристская
282,"342acd0c-9f5b-4cf1-9d39-630f00cb4254",ул,Малая Боровская
283,"344b8e27-473e-41a4-9a87-04919af7d73c",ул,Муравьева
284,"34593c0f-6413-4468-b57a-d87dc2b7612a",ул,Голышева
285,"347a8d09-7a32-4919-af5f-d646a6c64644",ул,Орловская
286,"348c11e4-04ee-4460-8f24-cf74f2ba6935",ул,Брусничная
287,"3511b0ea-6984-4a62-8c2c-b1149d8678eb",ул,Перекопская
288,"35535c91-3f37-48eb-b171-439b3fcf6222",ул,Ясная поляна
289,"3596bc77-7af5-4f7e-90fb-062804d6c754",ул,Авторемонтная
290,"35a24063-64b3-4c34-a591-0cad48b24728",ул,Волжская
291,"35d05cd5-9428-4bcd-b4f3-45d89c387e6e",ул,Александра Логунова
292,"35d0b5f1-6dd9-48a5-b553-2f454bf5a98b",ул,Володарского
293,"36764dd0-5349-4856-9ddd-af0b772fb098",ул,Хантыйская
294,"367ee63b-6deb-42c0-b0c6-d5a914a664c5",ул,Отрадная
295,"3690ee57-2f4a-4b80-a8d7-22a24b5bdbd0",пер,Авиации
296,"369c1748-6328-492c-a29f-b1a8ad96f75d",ул,Кристальная
297,"36a41542-ff3b-4b02-951c-aa8d9e10df07",ул,поэта Мусы Джалиля
298,"36c78cea-a90e-4c46-88d1-f10e2dcfaf12",ул,Новоселов
299,"36dd498c-bfd7-42af-9922-020f46049a6f",пер,Больничный
300,"37021157-193f-4d1c-a1f2-4d185b78bb4a",ул,"3-я Западная"
301,"379acb82-5b00-487e-b282-8132844642ee",ул,Пригородная
302,"37a304be-04af-4974-a3b9-a7ffd213dde1",ул,Суходольская
303,"37dc7701-672d-4450-b5f1-93a9a63be27c",ул,Баумана
304,"38476cd7-9668-46e5-b970-7de3c2437827",ул,Петра Бабичева
305,"38fddf52-976d-4415-86f1-eb901cdc4eee",тракт,Ялуторовский 11 км
306,"3919640e-f2fc-4273-9a6b-c394f9b04295",ул,Западная
307,"394e9963-e21c-4815-99ce-a4df54a194c2",ул,Рассветная
308,"39583c3f-b1e2-4c91-b6fc-4e1c3699e11e",ул,Тульская
309,"39ae0023-3c30-4795-b9a1-57b15a4909f1",ул,Рублевская
310,"39c12112-8fdb-4e7f-9f21-32ade49c93e3",проезд,Борцов Октября
311,"39eb21a9-2049-417a-b62d-db28cd5fb4e1",ул,Виктора Бугаева
312,"3a123718-5157-4458-a77e-624d5e5e4f35",ул,Сидора Путилова
313,"3a138b0a-712a-4aab-83df-e6d2d879ecf1",ул,Олега Кошевого
314,"3a5a87be-8511-49f3-9af7-d8b3fc5b1c8a",ул,Байкальская
315,"3a7f8f30-ff7e-4a74-b193-aebda67bab95",ул,Клеверная
316,"3aacc9e6-e08d-4010-a39e-24488873c206",ул,"50 лет Октября"
317,"3b5e1858-542b-4156-8a44-93e80a166bfd",ул,Григория Алексеева
318,"3b9f509d-7fa5-4683-908a-cf1d5c8c5d6f",ул,Урожайная
319,"3b9f8d2d-235e-4522-b61c-fe38c30708eb",тракт,Салаирский 4 км
320,"3ba7b91c-16b3-41f1-8d65-99944d87ef26",ул,Черепанова
321,"3bded7bc-dde6-4c9b-a819-c2755d87c17f",ул,Самарцева
322,"3c219311-8a71-403d-9294-8d6a7542028c",ул,Газовиков
323,"3c4598e2-5efb-4323-b30d-39fda03bb08c",ул,Огарева
324,"3cc15168-b432-470a-8407-3d5f6340d7ff",ул,Виктора Худякова
325,"3cde927a-eba4-4169-a8c6-e6c1dcf271d3",ул,Маршака
326,"3cf72574-8dee-4bdd-9225-a534e526f453",ул,Монтажников
327,"3d087312-5bb6-403d-9937-a72da5a54243",ул,"4-я Элеваторная"
328,"3dfbe84a-83da-4306-8d64-fa7a098b4afe",ул,Казаровская
329,"3e65c0c5-3630-40ff-8fc9-53d078a386ce",ул,Мальковская
330,"3e78870c-d380-4ba8-95e7-551e319e1e22",пер,Ракетный
331,"3ea7a5b8-7537-4702-8769-d1c66b19c465",ул,Полетаева
332,"3ebdf77a-0f84-4627-ab65-2413f0b56fba",ул,Братьев Бондаревых
333,"3f06b77d-fab7-4f5d-aee3-0ba309b80a3c",ул,Олега Антонова
334,"3f6d95c9-1dc1-4240-b21c-47f3beb14c89",ул,Доронина
335,"3f899279-6bf2-4fb8-8bf5-608d193d59b2",пер,Молодогвардейцев
336,"3f8ddce0-82a1-41de-94ec-f54bbfcd156e",пер,Звездный
337,"3fc66ece-7139-44e8-9b48-044a9d1bcabb",проезд,Солнечный
338,"3fc7c327-401f-481d-a810-6ac97e34bed9",ул,Олимпийская
339,"3fd85663-784d-4713-93af-789e865e742e",ул,Гражданская
340,"4015ce85-f334-4ed2-b481-6266f02977c9",ул,Гуляева
341,"403da81d-7077-4ba4-a76f-a1e4ade21858",ул,Чернышевского
342,"403fe88a-944d-48e1-b4aa-293c041ab2bc",ул,Лермонтова
343,"40b6b9f2-b39a-4b84-a0cd-14c9cacd59d1",проезд,Заречный
344,"4140baae-5f57-4a17-819f-f95c89c6815f",ул,Кулибина
345,"4161382e-98ac-4a9e-b458-0cf342274656",ул,Валерия Григорьева
346,"4178166d-14ac-421e-95cf-2f0452199e0b",ул,Северная
347,"41891e74-f597-4656-8c44-d51b77419e1a",ул,Подгорная
348,"41da94ac-6ca0-41ff-8899-050fa4269454",пер,Магнитогорский
349,"420ed078-d4e8-44f3-8196-a3306fc0408d",ул,Гвардейская
350,"431d4667-c80e-4e11-b085-33281edb0a79",ул,Уральская
351,"435bb03b-b7f4-41b1-9ce3-579c080b51c8",ул,Червишевский тракт
352,"43a0ad45-7025-459f-90e4-a0a0b5e7834a",пер,"2-й Степной"
353,"43b0e2d3-799d-4950-9368-db2d64d6c7db",тракт,Тобольский 21 км
354,"43fd6bef-c89d-426b-8ddc-c04bde1feb3e",ул,Лунева
355,"445e854c-2a94-4c30-a34d-0f8f8e6d9b70",ул,Мало-Загородная
356,"44902aa3-2e2c-4de2-b7e5-98f0a05fb65a",ул,Новорощинская
357,"44910a22-c1a1-439d-aee4-3620a2bb1e70",пер,Березовый
358,"44b43819-5575-49a5-af2e-69a818931c09",пер,Игарский
359,"44dc99a5-dddd-4edf-b909-4f4d0065c78b",ул,Водников
360,"4533ec44-bbca-4f8d-89cf-c200f5bd7f53",ул,Советская
361,"454dfaa4-4cfd-46f9-9202-a8ae6c1b8f2d",ул,Черниговская
362,"45578d42-d0b2-4cbe-aa4a-78c4515e12aa",ул,Безымянная
363,"459d1fa1-67b4-441b-8e64-98a35ac44333",ул,Бориса Быстрых
364,"45b1c965-4705-45b2-95a3-437c41188f99",ул,Октябрьская
365,"461e8f19-2128-4ed8-b9b1-f688f74468ae",ул,Саратовская
366,"46ea1021-1444-47b2-90b3-2044db8c0453",ул,Василия Малкова
367,"4733bae3-85b6-46b5-9f79-614e1943c0e6",ул,Василия Борисова
368,"47378090-48c8-4b78-95bc-e36bd0159286",проезд,Стрелковый
369,"473bc1ed-5507-42cf-b4e9-49141c4580c5",ул,Владимира Минеева
370,"4769d240-4a96-4e38-81e6-603d48d79d33",ул,Ново-Юртовская
371,"47cd36bd-da14-4363-b9c4-2b270f066aaa",ул,Моторостроителей
372,"47d86d81-8852-4553-bc08-c0e70150b4cf",ул,Зеленая
373,"484c42df-3e9e-47ee-9e6a-c77a313b8ed9",ул,Хохрякова
374,"48e6806a-545e-427b-8ca6-bb2dd5f4b7af",пер,Свободы
375,"48ec717a-5518-445a-9cba-195e701947b6",ул,Снежная
376,"4942c611-e51e-4b61-94c5-bc5a3a2c0cf7",ул,Камская
377,"49794441-6bd8-45b6-8656-d1667117e6aa",тракт,Велижанский 10 км
378,"49ffae70-e197-41cb-a04c-ee04663d5c91",ул,Михаила Колесова
379,"4ab389bd-9812-4ce2-a186-403d2b939fd8",ул,Счастливая
380,"4abfe8d7-245f-48a6-93da-d8a30c3ec228",ул,Цветочная
381,"4ac08139-c33a-454c-ba89-d5fbf6566f45",ул,Анатолия Секисова
382,"4af56d43-1f6c-4975-a14f-66c4a18ff683",тракт,Велижанский 18 км
383,"4b0d07ba-7341-4685-99ea-6a1a8b9ffa57",ул,Парковая
384,"4b1063c4-ea09-49d3-b431-62ad01f9309d",пер,"5-й Гостевой"
385,"4b67c504-d89b-4eed-962a-0523371c2305",проезд,Европейский
386,"4b89289a-feb9-416c-8c09-d970f9abc2b4",ул,Балакирева
387,"4b919f60-7f5d-4b9e-99af-a7a02d344767",ул,Ленина
388,"4c03b2c0-b81e-49b0-9281-aa1fe8a88299",ул,Вологодская
389,"4c12d8dc-e474-4d01-970f-77928aa5722a",пер,Буревестника
390,"4c14362e-c5e6-486e-ae39-76a61b5e9434",ул,Сибирская
391,"4c363ea8-baf4-41ab-8902-52c60bd9e100",ул,Академика Сахарова
392,"4c6e0406-4801-4c46-bfbf-34722914e565",ул,Романа Филипова
393,"4c71bf3a-821e-484c-b696-f2cc7898c84d",ул,Павла Шарова
394,"4c797088-e317-4e29-ad76-ced3cb01af9f",ул,Хохлова
395,"4c83ed9d-20c2-41d0-9947-96cf4dc745a1",ул,Вокзальная
396,"4ce40deb-55c6-42dc-a15e-8f72f1ad2231",ул,"2-я Западная"
397,"4d35a0e4-3f31-4628-ba9b-c649a01e4115",ул,Виктора Тимофеева
398,"4d4aeeda-2716-439d-a665-4720674eb46d",проезд,Новостроек
399,"4d730634-17d4-4b21-a8e3-9f926afd0c06",проезд,Веселый
400,"4db0f482-4c80-4955-9d34-fce8851a31f4",ул,Привокзальная
401,"4e205e64-c77c-4b41-bf54-5d310b5ebebb",проезд,Чемпионский
402,"4e2b2009-3a12-4bfe-8e75-cb84ef0e6ad6",ул,Фрунзе
403,"4e2ff362-31a7-412f-95aa-faf5bb44879c",ул,Константина Посьета
404,"4e6fa2e1-5dc9-4c39-a369-f3af899770b5",ул,Пражская
405,"4e7bba13-60d4-48d1-9890-c520af72793a",пер,Пляжный
406,"4e8d6869-030a-4f97-86ba-f4bfaa2657f9",ул,Пожарского
407,"4e94082b-4048-4428-b81c-ebeca70a2afb",пер,Школьный
408,"4ea847f6-c141-422d-8211-2dfe56eafa17",ул,Элеваторный Взвоз
409,"4eebc912-34a5-478d-ae40-6ad9097380d2",пер,Парниковый
410,"4f111cb5-60e2-445f-936c-65f4ae8430a4",пер,"4-й Степной"
411,"4f3b7449-d8ac-4a5f-aa27-91ecf1263cf8",ул,Деповская
412,"4fa2c700-e0c4-435a-921b-8cda5571df12",ул,Беловежская
413,"4faae46c-532e-4737-8e29-24e9c396e237",ул,Калужская
414,"50521b86-e9c9-453e-babf-e646bb514ff4",ул,Шеленкова
415,"507cc384-8d93-42b3-b9b1-d86bf571808b",ул,Баррикадная
416,"5082d0d1-db75-46c5-9b7d-6d2e6d26a2bc",ул,Станционная
417,"509df135-a70a-452e-8bfc-34c8f74a3f42",ул,Костромская
418,"50e67c53-687d-4e91-a623-50d8fefd7bdf",ул,В.С.Высоцкого
419,"50ebf0aa-812a-49cb-96c2-1d5e32fcf8f3",проезд,Алуштинский
420,"511f5dcf-1b48-47fa-87a2-840b8816777d",проезд,Ялтинский
421,"514463d6-0be1-45d5-b1f1-f66e5e7e5fc0",ул,Булата Сулейманова
422,"51555e89-97bf-4dd3-98e7-915b2f3a89ed",пер,Башкирский
423,"517eb960-ddee-4b41-883e-e296d2902649",ул,Марины Расковой
424,"519e68f5-b42a-48c6-8a51-0aab38cbd120",ул,Гилевская роща
425,"51bcfa38-a1b6-4d65-b7d3-9d094c752fa7",тракт,Велижанский 14 км
426,"51c7153a-661f-4137-82dc-40b00ddb1cb2",ул,Еловая
427,"51f41c71-2fcd-405a-938b-06fc1e633c57",проезд,"6-й Слободской"
428,"520625b0-5221-4321-838a-abe0dbd00a20",ул,Электросетей
429,"5268d2f1-2684-4d97-a22a-e5c4357779da",ул,Сенная площадь
430,"528cfc33-42c3-4684-9276-49c3b6d94cfa",ул,Чехова
431,"52b23413-04ad-4e5f-95b5-404475712421",пер,Лобачевского
432,"5312a9c1-51da-4e22-93dd-3d29ed0b3440",ул,Яблоневая
433,"5338d42e-755e-423f-bcb2-cb4a0c5e13d8",пер,"4-й Гагарина"
434,"53434d01-6586-47d3-a8f0-b5c9d7aa21b0",ул,"2-я Сахалинская"
435,"5426f5b1-cc6c-4dbc-a34f-45a698fd9065",ул,Совхозная
436,"545b6c98-dac2-4d27-b7a9-7f9cab1267e2",ул,Трактовая
437,"548588c6-8d03-4af6-82f1-8b2b826111a8",пер,Советский
438,"54b4b3a9-c311-45a0-8953-5d37b5adff34",ул,Сургутская
439,"54d807fa-9d03-4935-b832-b782fba5db2e",ул,Рабочая
440,"54f1dc2b-026d-4400-af70-e8a71a4da322",пер,"3-й Гостевой"
441,"54fb9c7f-56fb-45d5-949c-268add1122aa",ул,Александра Федоровича
442,"550aa479-a7ba-4005-9882-ae2dbe4de003",пер,Хуторской
443,"5564cad1-6348-4725-a906-907dbf9c7348",ул,Июльская
444,"556f9eff-dd99-473a-b0b3-4ffe938da557",пер,Продольный
445,"55bc3abb-0fe5-4760-94c7-9fe90062ec1a",ул,Надымская
446,"5621b674-cd93-4797-8844-d410cd038704",ул,"2-я Северная"
447,"562e5101-a568-414f-a65e-b99202fe8e8c",проезд,"4-й Посадский"
448,"57501a97-381b-4f79-96b8-01a344bd969b",ул,Пихтовая
449,"57c6d151-f027-469a-9179-129ce4911ce7",пер,"2-й Гагарина"
450,"57dd1704-ef65-4251-9d41-b8a3ae461425",ул,Сиреневая
451,"57f7a796-17a4-4277-8f44-52ee4cb948ca",ул,Кемеровская
452,"57fb92d9-e7ef-4b42-a70d-61a320e8d158",проезд,Плодовый
453,"580319cf-d274-4122-b3ed-d8a09510c874",ул,Потемкина
454,"5818ae90-f1a4-4fc2-b7a8-1705027a7d52",ул,Лесобазовская
455,"583ce635-e01a-443e-86b8-f20c6337fbd5",проезд,Фруктовый
456,"589ddae6-7a31-4b9e-a918-bb5321072b83",ул,Газодобытчиков
457,"58af851c-6598-4672-b32b-c2044058858f",ул,Производственная
458,"58dc1d2b-1dfc-403e-8498-4d983050e9dd",ул,Свободы
459,"59098383-0860-48e2-97bc-f1fbe4f052b0",ул,Таборная
460,"597d1b4e-0b06-4dd1-93d0-7b08cb85ce18",ул,Лангепасская
461,"59b5b16a-3af7-40a6-afe4-7045e15f4589",ул,Ю.-Р.Г.Эрвье
462,"5a0b83e7-7578-4641-a0ab-3570f2c3bade",ул,Калининская
463,"5a0da9f5-6336-47c7-b48f-83b447f7f73b",ул,Ясная
464,"5a0df61f-4758-4b8d-9d60-2991e212acf3",ул,"2-я Рассветная"
465,"5a174b98-a1d5-469d-be76-f55aed1bbf69",ул,Зодчих
466,"5a461e2d-bea2-4428-bcce-fb07355b3b47",тракт,Старый Тобольский 8 км
467,"5a551b11-daa0-4ced-a03e-3eaaceb09560",ул,Лизы Чайкиной
468,"5a77e900-9235-4c44-baeb-e2543a58ff96",ул,Зеркальная
469,"5ac2634d-11a4-47fd-901d-d16128722db1",пер,Тимофея Чаркова
470,"5ac60e49-41a2-49b4-9248-490c8d88ade2",проезд,"5-й Губернский"
471,"5ada1b09-c20c-449f-bf1c-611ec38c1629",ул,Спасская
472,"5adb3f31-2047-4709-8251-e51cb4109f13",ул,Логовая
473,"5b42cd87-7efb-4c8d-8b38-120c68e654f4",ул,Рабфаковская
474,"5b5ed6c5-e1a6-4062-89c3-63396e474889",ул,Демократическая
475,"5b624439-501e-40cc-a4aa-1f0c905ba9b7",ул,Коммунаров
476,"5bcc579b-40fb-453c-8382-062021ddaa42",ул,Камчатская
477,"5c1fcf35-e120-4c4d-980f-e80f3f512be8",пер,Авангардный
478,"5c241fdd-4ae9-4ef0-8796-46032f6133d4",ул,Слободская
479,"5c291953-dd37-448b-87d9-3bef294a9a56",ул,Пожарных и спасателей
480,"5c85fb26-38db-4f4e-b8b8-3e9a1a5115f3",ул,Домостроителей
481,"5ca6f238-897d-45fe-b3a2-a7863cf839cf",ул,Гоголя
482,"5cacf983-bb4a-49ff-b5a4-e80b3284c5a1",пер,Цветочный
483,"5cba18ee-be9d-4467-a8d3-ca9779d01fc3",ул,Сахалинская
484,"5cf5e9af-89e8-497d-9af5-01630ca2f0d8",ул,Розы Люксембург
485,"5d476cfb-c3e8-4be6-a760-851937427242",ул,Герцена
486,"5d6f1718-6df8-41f4-ad8f-51cd1009e540",ул,Физкультурная
487,"5e158ccf-864c-418d-a2e6-a48d67efe8a0",пер,Дорожный
488,"5e338afc-6519-4c95-853a-9d2758a1d437",проезд,"4-й Губернский"
489,"5e4d468c-8c0c-4cae-be7c-e33b737eed77",ул,Николая Егорова
490,"5e5ea42f-8faa-4294-812c-c8551e71a1cf",ул,Ломоносова
491,"5e65cc3b-bb4b-4206-be22-61c012e92c2e",ул,Литейщиков
492,"5ef7151e-f039-45d2-ad77-a76287769a63",ул,Хусаинова
493,"5f071b55-755c-4b0e-9cb3-5ca912ae2170",ул,Сенная
494,"5f43d885-5ac3-4c49-ac57-d05ceb956335",ул,Молодежная
495,"6036e933-406e-4271-b56d-6ed4ea4f5dce",ул,Горная
496,"6062933b-beaf-411c-a115-98d022eff4be",пер,Мангазейский
497,"60648ade-aa12-4d23-b0c5-30df42dd5393",ул,Алябьева
498,"609223a5-cf5e-464c-a316-355fee4e0fdd",ул,Нарядная
499,"60a0beb7-0ddd-49a3-8c99-611e0b10e453",ул,Юрия Южакова
500,"60d72e8f-3bdf-4a9e-b69f-914122b4c79f",ул,Рябиновая
501,"6115b822-d861-4ce6-a790-e9b05d591b0b",ул,Пирогова
502,"61c95a41-7868-4626-9de8-7053225173b4",ул,Демьяна Бедного
503,"61f7a54d-d77d-45f0-8f7e-c3efb5f6e8de",тракт,Салаирский 22 км
504,"6205a955-14f4-4149-a74a-08fe667bd98a",ул,Семёна Урусова
505,"621bef97-8579-491e-b5ec-a35ed7c40395",ул,Евгения Войнова
506,"621c6c3e-c9cd-4fb2-975e-a2d892c2ea79",ул,Энергетиков
507,"6245eda1-fa2f-45c2-9239-ae88e69ff4ca",ул,Капитана Плахина
508,"62a13ea2-2c33-4702-b08a-a58d8d649c07",ул,Каскаринская
509,"62e739c8-e0e8-488d-9da9-4f15de7e2d45",ул,Парниковая
510,"6337749d-5b4a-4749-9d51-74d98c008f7c",ул,"3-я Новая"
511,"633c7eca-b2d0-4e6c-8239-8958ba8b33f9",проезд,Курганский
512,"63549af5-4750-429a-a403-c1c4fd7f4e2b",ул,Феликса Аржанова
513,"63783c98-ac8c-4aa1-a70b-be917318c60c",ул,Раздольная
514,"63eb56ed-68d6-4573-9cf4-e1f3188c30a7",ул,Ямальская
515,"63feed04-a210-4ac4-95c8-b8822262346d",ул,Мирная
516,"646a06a0-cb67-4942-99c6-61285a96ef41",ул,Сосьвинская
517,"647b9266-25c0-4e7d-b1aa-32697de602ef",ул,Николая Глотова
518,"64a811f5-0e58-4f1f-ba3b-d942d0c1f45e",ул,Панфиловцев
519,"64fd36a0-1e85-4c7d-be2f-ee58bab0d1fa",ул,Мастеров
520,"65026297-42f5-45ba-8732-e2f1465d183e",ул,Ракетная
521,"65841a4e-c299-4212-ad8e-5f2fa9365011",ул,Ленинградская
522,"658f90c7-e379-4d5a-8eca-d9a36d13d543",ул,Большевиков
523,"65fae077-0239-44f4-aa45-b448f6dd85b1",ул,Донская
524,"6679b8f4-16eb-4758-bc20-51d7b9f8e8dd",ул,Гилевская
525,"667a19eb-08df-428f-b2b3-4d05a32478f6",ул,Малыгина
526,"66a9b2e4-ac7a-4911-a32d-b267734c4d4b",пер,Антипинский
527,"66d7ff65-a7da-419f-989e-af701a76628b",ул,Чайковского
528,"66dce07d-863d-4965-bc80-fc249d380bb8",проезд,Футбольный
529,"67b968df-2eae-41b2-b5de-63afc9ebc9f0",ул,Мичурина
530,"67c3ff74-7da9-4900-a76c-ac10c51a2b23",ул,Чимеевская
531,"67faa4dc-4f05-4dfd-a51b-e21aaa745fa4",ул,Папанинцев
532,"6809b964-754f-4b3d-b1aa-78de21ccc514",проезд,Спринтерский
533,"68233b82-5c5d-410a-b9bb-b0176c74ee86",ул,Новопортовская
534,"683c7f84-e2f4-47d2-ab4c-aee8d3960ba7",ул,Горпищекомбинатовская
535,"68efcbce-2616-4b79-8038-f5f3cf1f3417",ул,Чусовская
536,"68f56980-cf7a-4c3a-aac0-b2095c1d44c3",ул,Республиканец
537,"692f6cd3-d78e-4430-b878-451e4151889b",ул,Элеваторная
538,"693b44ab-6b45-4a5d-ba71-9f62315e2cff",ул,Буденного
539,"69400f25-2f55-4569-a378-e881fb2bd22c",пер,Лобкова
540,"6962ac6f-102b-444b-9107-e56fa814c633",проезд,"5-й Посадский"
541,"69b8220e-a42d-4fec-a346-1df56370c363",ул,Лунная
542,"69c9c945-f583-4067-95e0-0aab2b67f288",ул,Соловьиная
543,"69d4bdc0-0bfc-4aeb-938e-5499abb1ac44",ул,Мансийская
544,"69e43e04-35de-4e47-b1fb-82f926879020",ул,"5-я Западная"
545,"6a08622d-1201-4e88-93b9-ae11f2a7bc10",ул,Кондинская
546,"6a5cf9fe-f435-410e-9b06-565d5d2b0d76",ул,Карельская
547,"6aa3cb8e-26a0-405c-a606-3c6e76f6d82b",ул,Базинская
548,"6aefa08c-2dae-476d-b11c-13264f87eae7",ул,Школьная
549,"6af92603-d7f4-4d4a-b5b2-916825f710b1",ул,Высотная
550,"6afaad72-4adf-47fb-a91c-bd0b2f9ffe39",ул,Яровская
551,"6b12d452-cd22-46fe-9dc8-211e99b7c321",ул,Фанерная
552,"6b27d0c8-f13e-40ef-9723-3ad487f15eb5",ул,Возрождения
553,"6b2d3e7c-ed82-4d88-9181-e5dcd6447eca",ул,Начальная
554,"6b333bdf-b887-4bf2-9656-59c57e4f9f5b",ул,Утешевская
555,"6b452357-df4e-4e0e-8128-233fda9be068",ул,Земляничная
556,"6b82f651-e257-449c-abe4-7d1aa2fe33de",ул,Народная
557,"6bcd6c99-cfe5-4a37-90ea-a8d5e17aab10",ул,Рационализаторов
558,"6bf73bd6-2585-4600-baf2-6125d72314fd",ул,Кедровая
559,"6c055023-a30e-48e3-9b9b-6a86cd29c043",ул,Будущего
560,"6c22debd-3a9c-4bc7-b85a-7878ef554324",ул,Луганская
561,"6c75cd73-cbcd-48e2-b191-c8410044045e",ул,"3-я Северная"
562,"6c8b940b-8f88-4a93-872d-80b649ae0819",ул,Ковалева
563,"6cd417d5-ce63-4af6-93d0-acce3323d2cc",ул,Планёрная
564,"6ce4f31e-2f77-427a-8a50-5c2175ba0cc0",ул,Николая Федорова
565,"6d0bd136-5344-4ef5-879e-066bfa388d18",ул,Антипинская
566,"6d8c7ac9-0d69-4953-81d4-9cd96f0a0261",ул,Коммунальников
567,"6da4e3fb-9d7a-479f-b2f6-82cf6d68b7fc",ул,Вагайская
568,"6db1c23b-eac3-4f8a-abc4-6e9be2eb3443",ул,Новоуральская
569,"6dc42a34-9a77-4493-ae27-665aa912eeef",ул,Малый Арбат
570,"6dc9f4e8-b172-4b55-a0c9-97422c31976d",ул,Звездная
571,"6dca5b07-546d-4777-b0a2-cbf0f38ccc42",ул,Троицкая
572,"6de827ee-198c-44a5-8a92-254f9cbfac06",ул,Петра Потапова
573,"6e729a58-f646-46f2-9a54-4bba8c1ffdaf",ул,Магнитогорская
574,"6ea83d3b-b79b-4d45-acf3-559eef69337b",пер,Грунтовый
575,"6eb7aa13-b6e1-4717-9873-4e0430569d8e",ул,Союзная
576,"6ec2bb1e-45e7-4132-953d-d4d75d3fbbc0",ул,Ненецкая
577,"6ed463cd-c9c8-4855-adc3-8eb5403f7667",ул,Красногвардейская
578,"6f361324-09f5-40e3-a09a-f81374aac3e6",пер,Целинников
579,"6f635844-9e09-4de8-b022-3d98e03c77a2",ул,Василия Подшибякина
580,"6fb1f612-c129-44a1-9a59-a5ffb58f698f",ул,Космическая
581,"70087636-c0ad-489e-891f-068a9ff9dac4",ул,Мехколонна-55
582,"701ff3b6-f6a4-4df6-9fea-a4cce6ff8e4b",ул,Рязанская
583,"7022dca1-8fec-4903-8130-eacda938d4d9",пер,"1-й Гостевой"
584,"70bfc267-5a95-4ce0-884a-7dfd70c1512c",пер,Кольский
585,"717d6ad1-2dc5-4b5a-a6b7-1931f5174ad0",ул,Туманная
586,"71a0eef8-ff84-42eb-ab43-72672a4d6878",ул,Бунина
587,"71dcda12-4cbd-435d-9647-08c8bff7d288",пер,"3-й Северный"
588,"72417d81-52e2-489b-92e2-0efab300bdb8",ул,Сезонная
589,"7302d17f-2237-4286-a567-d6535d4757e0",ул,Мартовская 2-я
590,"731381d5-30fd-42bc-aa62-8d7bd23f76dc",ул,Тобольская
591,"732dc5b5-39bf-4f14-8de0-d359aad7c575",ул,Александра Протозанова
592,"733b00f2-ac9a-4d30-b8a8-0cce7d4b02ea",ул,Тихих Зорь
593,"7367ec48-c1b9-4fae-bf14-3989d1a8c813",ул,Уватская
594,"73b340ce-1ccb-4271-974f-c0a0503eb8c8",пер,Павлова
595,"741c5bd5-2c8b-458f-9a8b-6221a4a2da4c",ул,Маршала Захарова
596,"74265657-7ac6-4ff6-9745-debe9b862694",ул,Чапаева
597,"747f6632-4509-437a-99ce-bde779387842",ул,Марии Цукановой
598,"748d2d6b-5f8b-4bc0-8a55-42fc79005ef2",тракт,Старый Тобольский 6 км
599,"748ddf18-b2de-4336-bb23-617beff4d9fe",пер,Юности
600,"74a06cc2-5526-4615-bba5-fe23ff029f57",ул,Сурикова
601,"74fe992d-2f32-4c6d-a955-bc12050a0a55",ул,"1-я Школьная"
602,"752e936a-582c-404d-ba6a-0c2abf6d176a",ул,Льва Толстого
603,"75ac7d9c-2057-490e-bb0a-b8cb4a134a7c",ул,Заповедная
604,"7620515a-1039-4243-b371-a3df55288bde",ул,Курортная
605,"76506836-360d-48c9-a8f0-7f6de6b68ff5",ул,Бастрыгина
606,"76831129-d2e7-48f5-923a-f9a6f6e002ed",ул,Сказочная
607,"76a7b50a-ab8f-4aae-8016-bba664dce1c2",ул,Аграрная
608,"76b27572-a258-4540-b1ae-b7934f16599e",проезд,"3-й Теремной"
609,"76b4962a-cd06-40d9-8777-0e0da11520af",ул,Марьинская
610,"76dde192-7ea1-4ca8-9510-eed8cc642b2a",проезд,Сочинский
611,"76ec1f58-ab75-4293-a1b4-1b91cc4df021",ул,Беляева
612,"7721e070-328b-4d5d-949d-39a378232fef",проезд,Кипарисовый
613,"772e7c2f-1e5e-419f-adb3-15d810c17715",ул,Маргариты Угрюмовой
614,"7821bbd6-7183-4a82-8112-f0c16e839792",ул,Андреевская
615,"7858f319-0ba0-465c-9958-e224ef2c5214",ул,Короленко
616,"786385a2-ceb4-4248-a121-367711a21319",ул,Ботаническая
617,"789b40d4-6df7-4d50-9501-167aef247c3b",ул,Каширская
618,"78c528cb-d144-4b76-89fc-5658098b5460",ул,Рыбалко
619,"78c62425-8252-45b0-9d57-42aa00a065e0",ул,Мегионская
620,"78cb2f7d-6571-4db7-8b12-e55783333286",пер,Черепанова
621,"79151213-443d-4be1-91fc-c14b7f106dff",ул,Заводоуковская
622,"793474ea-ca68-45bf-86ea-23d17b7ed852",проезд,Ледниковый
623,"796d6dad-653a-4341-be34-89d4353e9746",ул,Трубная
624,"7996ab58-7a01-49af-88a4-5ba65ea5c535",ул,Земляных
625,"79c1e7c2-65fc-4e4b-a205-493d29e0f2b0",ул,Фридриха Энгельса
626,"79d5585a-e65f-468b-a42b-9cf49f482729",тракт,Старый Тобольский 4 км
627,"7a25183c-01b2-411b-9c45-272df6901fcc",тракт,Старый Тобольский 2 км
628,"7a779319-c417-4473-b11e-b8e1f401c4a1",тракт,Салаирский 15 км
629,"7a85813f-bf50-412c-9093-32db6d6536f4",тракт,Салаирский 8 км
630,"7aa4d96c-405e-43c5-9b6b-93cee36945a0",ул,Таежная
631,"7ae24c59-2a83-4145-bdf4-4d719a3b6cd3",ул,Королева
632,"7b167c67-b614-4668-a761-52619a439f7a",проезд,"1-й Посадский"
633,"7b287225-58c0-41d1-a32f-fd8edb517faa",ул,Зеленый Лог
634,"7bbbdae4-dad8-4edb-a217-5b3c6950f797",проезд,"2-й Губернский"
635,"7bd3dc02-b96a-4c05-aa93-f6ff2af34f79",ул,Комаровская
636,"7be53806-05c9-4090-870e-1a456101df82",ул,Лесная
637,"7c8553f5-7a89-4c21-8d3e-9bd8ca16e08f",ул,Иркутская
638,"7c9f00f4-c6be-495a-8995-98962dc6e343",тракт,Тобольский
639,"7cccd088-ecf1-45a9-8db2-7e06771a3f79",ул,"1-я Рассветная"
640,"7d51f20b-cb75-4d0d-b632-5670d6689b33",ул,Красина
641,"7d71b94f-3240-41b4-a9b4-10bb127594ea",ул,Рабочей Молодежи
642,"7dba5a82-8d31-4173-8ec9-0fa767e89045",ул,Вешних Вод
643,"7e0c7213-7868-47cd-ae6e-0a5666fa05f3",ул,Путейцев
644,"7e0e96fb-5282-46a2-8af8-a378b0001693",ул,Московский тракт
645,"7e3ba9d7-bca8-4456-af1b-0bd5f5f0dae6",ул,Нахимова
646,"7ec87ed4-6812-4f25-87fe-ddf5ec6cf0c7",тракт,Старый Тобольский 14 км
647,"7f1b710d-1812-4a33-969d-f33df6cc8ff7",ул,Некрасова
648,"7f4d731b-7637-4800-9be2-97e3b7b663af",ул,Полевая
649,"7f6b0283-890b-4ef6-9584-b1778e4aec3c",пер,Озерный
650,"7fae084d-c527-4831-8770-e3f648624aa2",ул,Ирбитская
651,"7ffbf85f-dcec-4652-9ded-1f045b3f833d",ул,Василия Болотова
652,"801e1b1f-9e44-47d2-8c95-0cf84e586bee",ул,Мартовская
653,"805d80fe-e2ce-4ba6-b6b2-fb46437a2d85",проезд,Армейский
654,"80744096-80e4-4690-955e-719185c1e45b",ул,Туринская
655,"80d9e829-8a94-4ac2-9bf3-cb1c24efc3e6",ул,Ставропольская
656,"817c2e25-5b18-4dc2-9ded-5228d05c37dd",ул,Песьяная
657,"819af246-4a81-4112-b372-423a1c3ee1ab",ул,"6-я Северная"
658,"81a27ecc-4eb3-43e3-bd09-96a4fe678c02",ул,Аромашевская
659,"81a3ed59-f3ed-4aa4-b5bc-c84dba51bdf3",проезд,Керченский
660,"81a46d6e-433e-4e6e-84ab-cef1b51f002e",ул,Степана Колокольникова
661,"81c48305-7378-4f1b-858a-c3200e9b527c",ул,Купцов Кухтериных
662,"83423a2f-5c0f-443d-9526-c4ffb7c1bdb8",ул,Андрея Туполева
663,"8382d9d8-2b48-4614-9887-696e435109b4",ул,"1-я Новая"
664,"838b9d67-ddbc-40d7-9f30-79db31fd7988",ул,Попова
665,"83bf7ff6-08d7-4a3f-b876-77fc1ecc0e0c",пер,Тихоокеанский
666,"841a11ac-7027-416a-ac5a-22f3684290ce",ул,Фабричная
667,"84363cd2-e2f3-40ad-b8d6-6d3e02869654",ул,Мурманская
668,"84376d2c-95d4-4317-b515-f1512849ac3c",ул,Бориса Таныгина
669,"850537e4-31d7-4a81-8a1e-a27c80e610e7",ул,Нижневартовская
670,"85267c9e-ffaa-4067-b8c0-200d1a33bc33",тракт,Велижанский 7 км
671,"858e7c3c-da81-4755-97a4-6528f77bf923",тракт,Салаирский 20 км
672,"8598e80a-2ac9-4f55-a733-aced5942e7fe",ул,Мусоргского
673,"85ee2eea-1063-43af-9d2f-842aa9872a3a",ул,Мира
674,"866bd256-8242-4722-ba25-62281343a29f",пер,Туринский
675,"868d8890-58a9-4645-927b-e3137e594eea",ул,"3-я Элеваторная"
676,"86e96a41-a96a-42ff-a4f6-84ed6df8cffd",ул,Ермака
677,"87234d80-4098-40c0-adb2-fc83ef237a5f",ул,"30 лет Победы"
678,"877188c9-9e45-40ca-a74d-bb9e0094e28e",ул,Семёна Дежнева
679,"87d2f2a5-f2d7-4016-bcc9-efc3b47d0196",ул,Заводская
680,"88092582-7af3-4bb2-b51b-afead37669d2",пер,"5-й Степной"
681,"88142503-2a12-4009-bd84-b97e4b518dee",ул,Изумрудная
682,"8834ad33-41ff-4850-b984-fe1530bb58ce",ул,"8 Марта"
683,"88429917-1216-4040-877a-acda8bc95bd5",ул,Тимофея Чаркова
684,"885419d3-94d0-406e-9ff6-662ca440d52e",тракт,Велижанский 12 км
685,"887d1842-c9a1-4da2-8042-f00334ec12e3",ул,Деревенская
686,"88d2a15e-756f-412c-b9be-e6fac9afba57",ул,Халиуллы Валеева
687,"890d05fd-0943-4a17-a307-34ec88f3eed0",ул,Партизанская
688,"892e6553-4bdd-4961-a3c8-295b8402d3c2",ул,Осипенко
689,"892f1217-2170-45ac-960e-f98629fe0b96",ул,Комбинатская
690,"89489ab8-d049-4547-ba16-56c5df979fc1",ул,Знаменская
691,"89517841-5df3-4668-b90c-e84914de6c25",ул,Лиственная
692,"89544c54-cb1c-4ba7-8869-010918e908c6",тракт,Московский 4 км
693,"89fc13e5-8c15-4abd-afa9-e2d6eb6e7de6",ул,Тундровая
694,"8a0621de-d0bd-4125-8f48-e2927e665928",ул,Брянская
695,"8a3d2578-e666-49f1-ab98-21ce5607344d",ул,Курганская
696,"8a5a0727-5c8b-4207-b602-09b8249a8d9b",ул,Берегового
697,"8ae672e0-3d9d-4f44-b643-2b49935e9bdd",пер,Новогодний
698,"8b31df71-30c5-483c-8bd4-cd928e9c1a29",пер,Доронина
699,"8b472173-0a7a-47f5-ad39-387cbf6187d4",ул,Ключевская
700,"8b98d417-f59b-4c18-813c-ef441a6cedf1",пер,Семёна Шахлина
701,"8bbb7033-c3e9-4ecc-b7bb-01d557e65649",ул,Армизонская
702,"8c14749b-5399-404a-bc98-f0389fe38455",ул,Тимофея Кармацкого
703,"8c36e297-7c20-47ce-a5c4-44d98510f8d1",проезд,Берестяной
704,"8cab4817-d5b0-4c8d-bf51-1d4873e49937",ул,Обдорская
705,"8cc93fe8-8596-4a77-9c4f-fe163b9e341d",ул,Колхозная
706,"8d1c082a-3687-46e5-8d09-b05031283bc6",ул,Тенистая
707,"8db50468-b865-489c-ba85-7b6f27519144",ул,Морская
708,"8dc40c45-586d-4b9a-a203-cf21720a7ee4",ул,Лесопарковая
709,"8dd1fd44-499d-4e58-975e-893bbafbe3b4",ул,Целиноградская
710,"8e2ccea2-a105-492a-a87c-6f4d1a9eae8c",ул,Тупиковая
711,"8e349998-cbbe-4058-a388-cf44d65f5768",ул,Первомайская
712,"8e6e753c-5d90-4df9-ae55-77ea6d962762",проезд,Тихий
713,"8e93f310-5c5f-4cb6-b1c6-313738123d6e",ул,Мысовская
714,"8e95101b-202a-46ac-8b8b-5ce4e294b8fc",ул,Закалужская
715,"8f3c2ee0-3d58-4d38-bfcf-1b9678eb3047",ул,Заполярная
716,"8f62ca14-6283-44de-b8b6-736f2aba564f",проезд,"1-й Теремной"
717,"8f7d156b-ada3-42b9-858d-065feaafe290",ул,Административная
718,"8faf477c-ddfa-49d5-a1fc-131a6c5fa628",ул,Виктора Югринова
719,"8ff8bf4c-316d-44fa-af59-63d118dc2db3",проезд,Ткацкий
720,"901e7661-441d-46e7-8cf6-c146076eb597",ул,Тараскульская
721,"90444209-765d-4fec-935d-a505e2bbe1f5",ул,Каховская
722,"9054f909-e665-4327-9384-18f7cb1a31fe",пер,Войнова
723,"9063c65a-635d-4ddb-9181-cc2b7b213920",ул,Спорта
724,"9074991b-da7b-467a-be3d-d821f8535394",проезд,Николая Архангельского
725,"9080cb15-a1ab-45f8-9773-51005da3397a",ул,Нефтяников
726,"90894876-649d-4f2c-9bd8-558e69412908",ул,Причальная
727,"90e58005-04fc-4f9e-8c31-ccc9729d6add",ул,Перова
728,"910b5dfd-c7b7-4517-90ba-04ef1ff9d32a",ул,Игримская
729,"911778f6-c574-4ba7-b977-899ba75c25e2",ул,Гостевая
730,"911b766d-0113-48ac-921b-868912dbb14c",ул,Революции
731,"911ccd8a-6664-4373-8d4a-1bca5c7cd0c9",ул,Бирюзова
732,"914e65f8-1a73-49ff-9463-13f2259a5780",ул,Большая Заречная
733,"91ab0820-25a7-4e64-bf35-95c2927ed72d",ул,Федерации
734,"91d8ebe8-3805-41c3-b2e5-0b8180ebd272",ул,Верещагина
735,"91f6dd22-93c4-40e4-b9ed-420a3f8a595a",ул,Купеческая
736,"9220d247-1e28-46c1-8f9e-352a8dc3624d",ул,Боткина
737,"923806f8-826e-4d42-b2a9-6aff2fa8215b",ул,Рождественская
738,"927571f3-dfa2-4785-b933-9e76b742d010",тракт,Салаирский 19 км
739,"9280fda9-273d-4ef6-859e-8878103620cd",пер,Поселковый
740,"92826d72-ac7e-40ad-9dbd-5c8356540548",ул,Семёна Шахлина
741,"928a7412-a901-4d8a-8e19-dff53c8efe9e",ул,Островского
742,"92d8334d-52d2-44d6-85d8-10297d75c536",ул,Кутузова
743,"93022bbf-ff62-41ae-b10a-ad8be46cdc31",ул,Петровская
744,"9317d934-1093-4140-bb0e-986840750c94",ул,Ново-Юртовская гавань
745,"93365d98-325c-4150-bcaa-537ef5ac30ac",пер,Марьинский
746,"9363113e-7d9e-4ad0-a06e-f245970b8c47",ул,Венская
747,"93724295-63df-4c07-b216-42b73e56ed7a",ул,Владимира Полякова
748,"93b7b24d-e9de-43d1-b0cc-5074e3b88483",тракт,Салаирский 14 км
749,"93d51dc8-03a8-45ca-a425-e4d89322b073",ул,Посадская
750,"93e5aa10-ac3d-4c7b-9f16-c172b6382fee",ул,Активистов
751,"940231d0-3bb4-4a87-a030-c35e5a72a190",ул,Самотлорская
752,"941f00e7-5a2a-4f07-9442-ddb1c6e0f2ab",проезд,Активистов
753,"945778ca-8b00-4c2d-a78c-4af63189b6c7",ул,Лесопитомник
754,"948ce308-0058-4b08-bd7b-0952d3f55d20",ул,"50 лет Победы"
755,"949b0130-4ff9-4bfb-a0d3-639d34a3bc57",ул,Механизаторов
756,"94a21cc6-adf9-48cb-8d07-653a9836bd1d",ул,Березняковская
757,"94b4d2ae-93ca-43e8-a4ed-af9a9368d3b4",ул,Судоремонтная
758,"94b95321-e302-4654-a398-7ddca9ba5be9",ул,Малиновского
759,"94bda105-2128-4992-afcf-e0e922ece422",проезд,"9 Мая"
760,"9506f9e1-f304-4551-bb9c-b7d19c03e928",ул,Тверская
761,"95501eb8-0f30-4459-a8ae-3e6c749e86dd",пер,Липецкий
762,"95574a1d-8442-43d4-a331-7993dde0b3fd",ул,Радищева
763,"959070c9-15c5-4627-ba96-9de7f22daca5",ул,Владимировская
764,"959ae587-2998-44f5-881f-07b37977d714",ул,Шаимская
765,"95f115c8-a08b-418b-82da-15f5e9dc1802",проезд,Пехотный
766,"95f2288a-2fbd-41cc-b47d-3e7d004c82ab",пер,Березовский
767,"962cf390-1966-49c0-9505-6d1f87850d60",ул,Глинки
768,"96ae1ba9-89c1-47d0-a0e9-95a3d6f0069b",ул,Ивана Крылова
769,"96d12cf2-4d97-491b-8ccd-83df18c6d755",ул,Черемуховая
770,"976eb102-67e3-446c-aad7-b193aa18e7cb",ул,Когалымская
771,"977a5798-b78d-4a48-8d83-4feaa91f1565",тракт,Московский 7 км
772,"978bc783-66d0-4331-b39c-db5f72eea8eb",ул,Озерная
773,"97c438c4-0bcd-4d11-8f61-614aa9057a81",ул,Калиновая
774,"9807b42e-f7bc-4577-b613-c03d266a16a9",пер,Енисейский
775,"98403c94-a489-4bf1-b9f2-73481eb815e3",ул,Трудовая
776,"9857de4d-fb7f-4ed4-9afc-f47c92956d4e",ул,Восточная
777,"9883f48f-f3ae-4ca3-948a-b0af2515673d",ул,Волочаевская
778,"988eeedc-dba6-432a-ab92-3bf933b7f3bf",пер,"3-й Степной"
779,"98db5495-d4d7-4649-b0ee-df93584198b1",ул,Александра Рывтикова
780,"9910cd58-cc06-4809-a8be-f04f7ceb07e3",ул,Одесская
781,"992be24a-c5c2-440b-97c8-bac6472c5ca4",ул,Вадима Бованенко
782,"9933034f-c53b-44be-9bae-7c314fc53a4b",ул,Энергостроителей
783,"996ec7e9-c7c0-4c53-811b-88ad1a5d1e09",тракт,Московский
784,"99754839-5716-4b40-b69c-d73b385ed6b5",проезд,Биатлонный
785,"99ffe273-aa60-4f6a-89ad-90d8f86c8cd8",проезд,"5-й Земской"
786,"9a00d74a-3321-4b61-b7c0-46278f93dc55",ул,Толбухина
787,"9a174df0-8c7d-45c0-910b-660f79284d23",проезд,Стахановцев
788,"9a88df33-edce-4bd3-99c4-192bf8d8db54",ул,Пензенская
789,"9ad71009-124b-4ef1-b5a7-e1ccb511e0c9",проезд,Жасминовый
790,"9b11e418-226c-4d1e-80dc-1abde3bb3610",ул,Золотистая
791,"9b15019b-e741-42c4-b1d7-39ce78d82347",пер,Норильский
792,"9b98ea99-f369-414f-9254-0fccb73b9e10",ул,Анатолия Яковлева
793,"9bcc3b04-f329-4cc6-8db7-4346c170aa23",ул,Пермякова
794,"9bf7363f-f4f9-40db-8223-04cb2814c548",ул,Товарное шоссе
795,"9c0edb17-10a3-4bae-9946-a006d40bfbdb",ул,Воеводы Барятинского
796,"9c2cc221-b102-42a1-8464-7a10adfea6eb",ул,С.Лазо
797,"9c3b83a5-5998-4dda-b33b-950e60df51ba",ул,Здоровья
798,"9ccf8dc4-64e7-440d-a15c-93982ec13ea5",ул,Шиллера
799,"9ce487e8-c4c7-45c2-b941-850845e60647",ул,Луначарского
800,"9cf6b8b3-0d8e-437d-8448-e8273192ee00",ул,Уренгойская
801,"9d4239c3-f791-4478-b267-4316b6d4ce4a",пер,"2-й Новый"
802,"9d6d3d2b-d542-4580-bb4f-62bad6ecb954",ул,Чистые пруды
803,"9d74c129-6ca7-479b-97a8-1be65eb475b7",ул,Елизарова
804,"9da9e20d-8aee-474a-aee6-8d06a99caa71",ул,Приозерная
805,"9db1ecac-8ca2-4095-98f4-aad58a404ffe",ул,Пржевальского
806,"9db3f241-cb42-429f-8286-c61d2d23ac39",ул,Муромская
807,"9dce741d-d7c3-45e2-94aa-d89a871345fd",проезд,Геологоразведчиков
808,"9dd52d11-15f8-4c1f-9c8d-0afdaf7a089b",ул,Ямская
809,"9ebb1792-c77a-4cca-bc1b-fcbbeeb0e779",ул,Новосибирская
810,"9ed937fc-28d2-4bbd-9c54-9d4010ae7928",ул,Зоологическая
811,"9f62f542-2a22-4b47-9eb6-1d2bd7eef34d",ул,Айвазовского
812,"9fa80f6a-6986-46ed-912f-f6d92828d4c8",проезд,Шахматный
813,"9fc2a8ba-e3ff-464f-a525-36b67aba8781",ул,Крымская
814,"9fdf0e1d-f11a-410f-b94c-0b5e4493e12a",ул,Ташкентская
815,"9fee51fb-73c7-4e2e-a97d-0ffb707d54b4",ул,Упоровская
816,a00957bb-df2d-4732-a8ed-f993761bd680,ул,Павлика Морозова
817,a02492a0-474d-48ee-9038-ac220a8ac7b0,ул,Титова
818,a06de20b-6fef-42c9-8474-b6234a863d52,ул,Янтарная
819,a076177b-35b9-431d-b4ac-a23da6c76b25,ул,Сеченова
820,a08e9087-e47d-48cb-bdf5-172243378db8,ул,Правды
821,a0f2f7d8-f983-469f-95dd-8f21a7bcf693,ул,Преображенская
822,a16b9e66-594d-4383-8811-df0bca5b6817,ул,Красный пахарь
823,a20d319b-734c-457f-a19f-e69ba8a5349d,проезд,Корабельный
824,a21733bb-4619-4051-97bd-6d11f2b00ca0,ул,Апрельская
825,a2673e25-00a8-46bb-8f90-a8c3c2730164,ул,Плодопитомник
826,a2befff0-dbd6-446b-9ee7-df7d10ec71a4,ул,Курская
827,a2cb30d3-731d-464a-a81a-9cd48c68c81f,ул,Летняя
828,a2cb4fcb-e68a-41bf-91a9-7c5f234ca4be,ул,Избышева
829,a2ed9686-6584-4073-873c-d9919c1ab7bd,ул,Куйбышева
830,a3b17974-2a40-452e-ad6d-0265de6937ce,ул,Павлова
831,a3bd44b8-b48e-4492-ab1e-69e3c9078559,ул,Сергея Ильюшина
832,a3cd78c5-1bb2-485a-80ff-6870838fa747,тракт,Московский 2 км
833,a3f67b69-8e88-48d8-8182-ae2a6d878d92,ул,Геологов
834,a4011d8c-f1fd-4140-8f76-db17bdd225ed,ул,Газопромысловая
835,a42ca412-6710-4357-9df7-f31580227a66,ул,Михаила Калашникова
836,a44d7248-8884-472a-9f90-3f8e2b35102b,проезд,"8-й Губернский"
837,a4c80d5b-416d-4410-9738-9d3380c24341,ул,Зернистая
838,a5012957-f236-4f63-a374-2f1ab782deab,ул,Волоколамская
839,a51fbd3b-7ed2-448b-ac07-3206ccc609e6,ул,Железнодорожная
840,a5298f25-e151-4c27-8630-c029d316907e,ул,Ивана Быкова
841,a5589227-fa7f-4f0a-8a0a-0780c62245cc,ул,Бориса Житкова
842,a56e70a6-db2c-4adb-a964-829634022bc7,ул,Александра Пушкина
843,a64436eb-acaa-4cd2-8c91-d11a4266b093,ул,Сакко
844,a64ebb0e-7bbc-4375-8854-aa45baae47f3,ул,Локомотивная
845,a677b625-eb4d-4aab-83c3-1a936500eb9b,ул,Зимняя
846,a6b4c248-9dca-42e4-a4fa-09783f7e8ab4,ул,Быковская
847,a6d5c303-0ce1-470c-ba61-6dce0154c966,ул,Марины Цветаевой
848,a6e4efa3-fc3c-466d-ad50-60a94b0a4ca9,проезд,Доронина
849,a76b5e28-4741-4ea0-9fa8-95474e76f3a7,ул,Луговая
850,a7c26e45-dbde-4b19-9ca6-4b2527c92218,ул,Бориса Прудаева
851,a7c99fb6-5018-4401-9389-c03b9e545278,ул,Николая Зелинского
852,a858491b-87ff-45ac-bd4b-fa6786349208,ул,Медовая
853,a8968b2f-fe39-4307-b3d2-3aa97693f580,ул,Якова Точединова
854,a8a17d91-f588-4401-be7d-9b985a6332b4,пер,Бердюжский
855,a8bb7fa5-669e-428c-9c66-9af7fc2ca9aa,ул,Мамина-Сибиряка
856,a8d3aed6-91e1-43cb-98ae-01bfd2494d53,ул,Радужная
857,a8db0f6a-2500-4ac5-ad0a-f5154e9ab135,ул,Кузнецова
858,a9153fec-3225-4a20-92d9-e315d9867877,ул,Чекистов
859,a9369825-9767-4724-bcd3-1bdf717f41af,ул,Чингиза Айтматова
860,a936e78a-580d-4d5b-8679-0d9af3f23c3b,ул,Ноябрьская
861,a949583e-2f93-4e8f-a87d-25fdf968f11d,ул,Белинского
862,a9aa1139-01e6-4806-8acc-a5534560b884,ул,Ивана Словцова
863,aa35f19d-08d5-45a3-a35c-0c98622f4cb3,ул,Братская
864,aac96b4d-ee55-469a-8c71-34a4f312d6a1,ул,Усадебная
865,ab0d3cca-8bc4-4060-8e3c-f533fc0dbea0,пер,Некрасовский
866,ab2118bf-3550-4e3b-9e10-ff1dd88b5fa3,ул,Тюменская
867,ab275f97-e9e7-44b1-8827-2c3b7ec05b5d,пер,"3-й Гагарина"
868,ab29764a-8b02-4639-91cc-49274d198357,ул,Станислава Карнацевича
869,ab5d706e-510e-4915-86f6-f1bbeb185207,ул,Петра Шестакова
870,ab627965-c430-4672-8242-522936736581,пер,Доронина 2-й
871,ab66381a-75e1-40a1-aa98-04d4fe983e3d,ул,Бакинская
872,abcf14c9-5e7d-4812-98f9-9629c3051313,пер,Млечный
873,abdb0221-bfe8-4cf8-9217-0ed40b2f6f10,проезд,"30 лет ВЛКСМ"
874,ac27a6e2-3d3d-4837-901c-4d7916c718bd,ул,Крайняя
875,ac8d3f31-adbe-4238-94c4-fa0879a05ef8,ул,Васильковая
876,ac8e3ec4-f788-48d9-94c7-d74ab9477b2f,проезд,"4-й Престольный"
877,acc5cc1f-25b4-4b8b-8a55-1f606df8ee9a,ул,Пышминская
878,acde4430-0feb-4a2d-91b9-1b8c9317cbb0,проезд,Шаимский
879,acf3a47d-c5b7-44c2-ac94-f7e5d24c06c4,ул,Дальняя
880,ad03aae1-a1cb-430c-82ad-fc7d69ab441d,ул,Абалакская
881,ad564ac6-9607-4144-b63c-8e634a2b4ad4,проезд,Смородиновый
882,ad737f3d-56d0-441d-ac97-b915df56851a,пер,Охотский
883,ada51d3d-eb7f-484c-b83e-396d16c8de4a,ул,Сосновая
884,add7729c-b465-40ad-88a1-e55359fa823f,ул,Каштановая
885,adfd379d-6cd2-48de-acf2-62a3ff3a9cc8,ул,Парада Победы
886,adfd9bd6-e030-46a3-9dde-c95893455158,ул,Александра Звягина
887,ae0c2dae-4ed6-4dc2-9eb2-1e80035185bf,ул,Мельзаводская
888,ae815d54-d0a3-4339-8699-d32843756ea3,ул,Привольная
889,ae83f8b0-3ffe-40d8-a7f8-f175522d90fe,проезд,"5-й Слободской"
890,aec634b9-bf48-4ed7-97a9-7ec68d61bf9d,ул,Лазурная
891,af1bb90f-dea0-477f-a866-1f416de5c2b0,ул,Михаила Яценко
892,af436fb4-f712-46d8-b1ee-a1503cadcd13,ул,Тюльпановая
893,af5df19d-23f1-43fe-b451-6ec401b18a4d,пер,Пекинский
894,af7cfbd3-e7a1-4519-b67c-395c304636e7,ул,"2-я Школьная"
895,af99d6bb-de4b-44e9-8730-04a6e83c7a84,пер,Планетарный
896,b0081bff-7be3-4e29-a958-f34957c67ff7,ул,Урайская
897,b0135dd2-97b3-4b06-8490-e5c14f6d38a6,ул,Ангарская
898,b1123f6d-8966-4d79-a9c7-981a11e50ead,ул,Безноскова
899,b147c573-d672-45ad-be23-75bcd54141ed,пер,Магаданский
900,b14dc731-800d-4cc4-945b-c53ac5724a8a,ул,Жуковского
901,b1cf5be8-6f02-4ea1-af28-1378b3a0a8a9,ул,Вербовая
902,b1d7b497-30b8-4646-ab80-3784a24a088d,ул,Современная
903,b1deb12e-1c8b-45f8-b825-7cd6e578aca8,проезд,"3-й Губернский"
904,b21de4b9-356b-409e-a64e-9d8f5f64f146,ул,Шоссейная
905,b292500b-12c1-4ba5-a3dc-2feeebe1a911,ул,Учхозовская
906,b29a1792-b97c-47d5-9d43-bd2ae59ffece,ул,Целителей
907,b2a35bfd-a6f8-4672-8aa8-fec624b61a69,пер,Литовский
908,b30ffc80-873a-4944-8341-d99d0a9569ee,ул,Ахматовой
909,b328166d-d341-4b2a-8ece-d18e5089d8a2,ул,Суворова
910,b36b50a7-c4af-48fb-988a-ea80efa2d562,пер,Кольцова
911,b3bf1242-b20e-41e5-a17b-cba5758530df,тракт,Велижанский 4 км
912,b3cff21e-933f-4a57-8c3f-c637f0c3bbfd,тракт,Салаирский 10 км
913,b3f13e4a-7083-4ed7-99b0-6209faf24e8d,проезд,Анатолия Щеткова
914,b3f6a335-b64a-4d99-9aa4-697f849192ce,пер,Приисковый
915,b450c6c1-27cd-45f6-b739-313ce0d98745,проезд,Артиллеристов
916,b45b74f5-a345-4558-bfec-820054132850,ул,Новогодняя
917,b468b11a-77a8-43cc-9a06-48ff798e1012,ул,Веселая
918,b4779d47-a43e-405c-8d12-a4cdd80fece0,ул,Валентины Трофимовой
919,b500d6d7-1b6d-410b-abce-ac61fde995b2,ул,Серебристая
920,b52b3067-605b-4462-8557-e6e7e8df2b90,ул,Немцова
921,b5701907-1537-4e52-b93a-d566a47086f7,ул,Республики
922,b57a2c5c-8908-4036-8f25-06eb174f9aa9,ул,Юганская
923,b582fd7b-08d3-4c06-bf36-e510453b03d8,ул,Алтайская
924,b63607fd-55c0-4fd9-9f8d-509aff2754ff,ул,Воровского
925,b65c4779-daac-408c-a114-59f72255b5f2,ул,Губернская
926,b683606e-1a57-4c72-b550-dd09ade27828,ул,Крупской
927,b6b3702c-fd8d-4ae3-84d2-6039306414a7,ул,Угорская
928,b6d931bb-08b9-4d9f-95ef-a6c853de1c05,ул,Воронинская
929,b6fbec78-5d51-4006-8773-b8758ae64919,ул,Рейдовая
930,b71ab33d-e159-493d-80e3-dd6e9df2a5dc,ул,Мельничная
931,b71b6091-f787-494c-80bd-4ff996940c38,ул,Кирова
932,b72034c9-92fe-4c3a-bb4f-8408918d1980,ул,Верхнетарманская
933,b75b9fb5-9f43-4f0f-a10e-5cba32599d84,ул,Промышленная
934,b806bd29-b8cc-4a05-b158-c6e9135b4ca9,ул,Анатолия Клиндюка
935,b86e0caf-1b98-46db-acc6-d0615e16f5a0,ул,Казачьи Луга
936,b8d4592c-244a-4d81-b000-137e1cadf6e1,пер,Коммунальников
937,b956896f-9660-4eec-8ca1-9602b1dfbdae,ул,Арктическая
938,b9b1b905-150d-4446-b50e-6da743a5beb1,ул,Спартака
939,b9c2094b-4a49-4bec-9733-1f3c705175b5,ул,Гагарина
940,ba946f38-fef5-45c5-bd87-e2f093a42218,ул,Жигулевская
941,baadf46a-4841-4613-89df-3b71c9d7bda4,ул,Родниковая
942,baf27520-6739-41a2-97a7-d77e1f0d09bd,ул,Алматинская
943,baf31be5-03a9-4519-98cb-ca749141c4f4,ул,Седова
944,bba40709-2e65-458c-b54d-bd630554390b,ул,Барабинская
945,bbb5b55f-f896-495f-ade8-c33350eb175c,ул,Благовещенская
946,bbf49cc3-bd20-4cf3-bbce-173c2450c9b0,проезд,Осиновый
947,bc171a08-5588-4eff-86b2-91fc7b1bee24,тракт,Велижанский 10 км
948,bc25bc35-c5ce-497e-add2-886f79dc98d7,проезд,"7-й Губернский"
949,bc34be14-3603-4c31-bffa-bba8719a90c9,пер,Банный Лог
950,bc3e3151-006f-48df-9b88-1ff4b28fbb30,ул,"1-я Западная"
951,bc69831e-9d2b-4cfd-b784-746710de4480,ул,Сорокинская
952,bcaab1af-4395-43d8-81c3-1ca325ee087b,ул,Виноградная
953,bd41199b-6dbf-42d0-aea1-6f50f6bdf586,ул,Буровиков
954,bd4624b0-9329-43f6-bb43-476114025888,ул,Предпринимателей
955,bd568e24-e278-4629-822c-146ebfcc2073,ул,Холодильная
956,bd7f3c9b-0467-4c25-9068-9e59f0b40269,ул,Клубничная
957,bd8b2738-0df7-4380-b178-e1c7d7ddbf9f,проезд,"4-й Слободской"
958,bdd0deab-3c5f-4ae5-b5fd-b70c2f9e7df3,ул,Высоковольтная
959,be105874-66f7-4879-b2fc-95ec55a573ab,ул,Умельцев
960,be48a0da-687f-4098-81f9-7261eea8703c,ул,Загородная
961,be6e69b1-7c31-4115-8758-b24f5fa6473d,ул,Юбилейная
962,be87da1d-1366-4522-96c1-5b9748cb53a0,ул,Урицкого
963,beae0e1a-6eec-4e7d-83df-842cace0f499,ул,Федюнинского
964,bf7c3f4a-8336-4d29-8866-c8ef2e536ae2,ул,Ишимская
965,bf940968-25ce-46dd-9939-6ee3de8c5d15,пер,Локомотивный
966,bfb1eab0-c320-4596-a7c4-eb4cb586c8fe,ул,Портовая
967,bfbde884-6ec2-43ad-b2d0-65068a26aa83,ул,Колосистая
968,bfc7cd3a-4862-4ca2-abe0-7edb100067f7,проезд,Сиреневый
969,bfdaa1da-a680-49e2-b76f-e3d7fae5e029,проезд,"1-й Избышевский"
970,c01d1c50-288d-4efa-8c76-50f725163346,ул,Ярковская
971,c0ade608-c9a0-451e-8ff2-04edfd5b890f,ул,"2-я Молодежная"
972,c0bd5a30-4168-4170-a3d1-8a3d8e84018d,ул,Западносибирская
973,c0c8e86b-53cd-4e7c-8387-10b40385f971,пер,Красный
974,c1185a68-a24c-4a4b-8368-866d27d6956f,пер,Пролетарский
975,c12ba061-6873-4a2a-a94e-976ba3f635d2,ул,Оловянникова
976,c159c840-72ca-4186-bdcf-d48863f25214,ул,Березовская
977,c200422a-65d6-4c12-a36f-c07b3f523984,ул,Ударная
978,c20c92b9-d1fc-4229-b8c4-f08b3822582d,ул,Ванцетти
979,c2c585e8-0ff0-457a-a022-2503c6c7b82a,ул,Перестройки
980,c3022949-033f-4cec-82ec-48de7f70ce7c,ул,Заимка-Волга
981,c32c809e-d3fa-4408-875b-b8f88997d277,ул,Александра Матросова
982,c338f4f3-2241-42d5-b393-cb84df581ef1,ул,Пермская
983,c3452ef2-b46f-4506-aca1-f45ed3cdbfa5,ул,Михаила Сперанского
984,c3539fdf-2b88-470e-b867-3cbad7c1f4bb,пер,"6-й Степной"
985,c356ecbc-61af-4851-bc74-6dd2b93a9c3e,ул,"9 Января"
986,c37201fd-b92f-46ec-9cdb-c711fdfd3112,ул,Макарова
987,c3a7e503-e143-40da-9ae4-1d1266223992,проезд,"1-й Престольный"
988,c3ac5e47-f058-4cb7-948d-d13390cf3f54,ул,Севастопольская
989,c3aff3c2-6c1f-4064-8038-a097999590ce,ул,Водопроводная
990,c3d6e65b-5010-44d7-990d-aa48f32a1339,ул,Даниила Гапоненко
991,c4139b23-ad8c-4eec-bc79-ed8b268c476c,пер,Пермский
992,c436f05b-7b14-4bd8-97b7-727e010d35ce,ул,Александра Быстрицкого
993,c45b97d4-ac46-4121-8366-102a9655add1,ул,Шмидта
994,c49d52f1-6c21-4b99-ae45-68e6d806b6bd,проезд,"1-й Слободской"
995,c4a1192f-6570-4288-b4d0-fa92f84d0c88,ул,Клары Цеткин
996,c4a54bb3-e219-4a57-b5bf-f008271d5b59,ул,Небесная
997,c4a78602-65b4-4608-a38c-ab91233341f4,ул,Охотская
998,c4b38197-d3f7-4eee-b550-06bd577d69f3,ул,"2-я Новая"
999,c4f28639-e486-4a7d-bef5-831132243501,ул,Битюкова
1000,c5255957-6510-47cf-a7d2-1363db7c995a,ул,Центральная
1001,c526113e-ad58-4648-b702-d4e061f2d01a,тракт,Старый Тобольский 9 км
1002,c5c38ad4-5136-4b64-9c14-aa09528e8efb,ул,Динаровская
1003,c5d6c2a1-be2d-43f0-b531-656956c10443,ул,Планерная
1004,c64fd4d8-719e-4b96-a099-2378f542c29b,ул,Таврическая
1005,c666b004-73de-45aa-b425-882d2f728521,ул,Паровозная
1006,c6e71e68-a3cd-4ebc-bdab-2d8c57fc5e79,ул,Цимлянская 2-я
1007,c7217de6-4be0-4b73-a2ac-42ed7f5ac5c4,ул,Читинская
1008,c7599100-ea40-4873-b94d-87a5a9ee8d17,ул,Престольная
1009,c76c24cf-5834-464f-a1d2-5555305f344c,ул,Моховая
1010,c7f0581d-18bc-47ab-bd3b-6f0d297fd58f,ул,Дачная
1011,c8038059-9035-4973-9715-a7080859f981,ул,Степана Халтурина
1012,c80b81c0-48ed-4804-8028-a631d1cbdee7,ул,Есенина
1013,c83c80af-abab-49be-b2ce-0b265628ccf9,проезд,Десантников
1014,c8712232-2e86-4439-a336-3966cc733ddd,пер,Лесной
1015,c88c83c4-a824-46d0-8b89-0a334f298c42,ул,Достоевского
1016,c8cb440b-8419-40a5-a6d1-f5edcd543b78,ул,"8 Августа"
1017,c905b7e5-38a2-4e49-b6d8-03b211ba7df3,ул,Надежды
1018,c90e00e8-d60e-4584-b911-be76f7544d7e,ул,Роз
1019,c91055b7-da8a-466e-a4ac-fcf8491eba71,ул,Тепличная
1020,c9ae258e-a85f-4da1-acc5-0d382f2d3fed,ул,Белорусская
1021,c9ed1a52-0ece-4f1a-8388-b6b4105dc454,ул,Виктора Арсентьева
1022,c9fb7b55-c57d-4dc3-9877-8ce68521ce88,ул,Подольская
1023,cab2b44b-0e92-497c-b4e4-80938755b689,ул,Станиславского
1024,cb1e21fb-ab2a-4251-800e-df11b6eb330b,пер,Доронина 3-й
1025,cb2e0da9-7ad1-4d5f-92a2-9939f9cdf3d2,тракт,Старый Тобольский 1 км
1026,cb91a62b-7d72-4692-a2f8-552f93ff37e6,ул,Губкина
1027,cc32ea79-580d-4a47-a989-809c1e1ad1c3,ул,Алексея Максунова
1028,cc4f1ff3-0a1d-47b8-94a1-f66ccce6c598,ул,Липовая
1029,ccafea88-da16-4285-b5cb-416b7509fcfe,ул,Циолковского
1030,ccde322a-1b45-49c8-a8ea-0fdfc90737dd,ул,Пятницкая
1031,cd7147bd-764d-4661-a54c-7419d7c22b23,ул,Дружбы
1032,cd760d1b-3533-4bb7-8437-88c034542b78,пер,Саратовский
1033,cdc22d70-0244-436f-9d60-7fe6fc8f8bda,ул,Утренняя
1034,cdca42e9-c3e3-4a9d-86dc-7c356f8a79c5,ул,Молодая
1035,cde0ed03-64ee-498f-84ba-6b8334dd312f,ул,Барнаульская
1036,cdeeaf56-7e07-472d-813b-4d0489fb0b75,пер,Мысовский
1037,cdf78475-7629-415e-be4a-ec40f0cf46d9,ул,Муллы-Нур Вахитова
1038,cdfc1edb-3f21-455d-a02b-4881a82fe624,ул,Тухачевского
1039,cf45a647-8057-4305-9d53-5809f8b4f282,ул,Карбышева
1040,cf494d4a-51e7-43a6-80dc-13c2c47da1a6,ул,Жданова
1041,d004039b-0014-4081-8cb4-4c5ddd75bd1f,проезд,"2-й Теремной"
1042,d00e2880-bec4-4431-b199-ce6093015ef9,ул,Мусы Джалиля
1043,d0451221-7d11-43ea-8776-c19236b6f65a,проезд,"2-й Посадский"
1044,d06efe31-ee1a-4f64-af65-3fd815bd1d7a,ул,Ветеранов труда
1045,d08114ca-9c08-401d-b348-0624796e34f3,ул,Чкалова
1046,d083d0c8-afa6-471e-88d6-b58296a90a4d,ул,Красных Зорь
1047,d0864d1f-e08f-4b3a-b042-1ca133e84295,ул,Волгоградская
1048,d0a47da0-7b71-4740-a754-773535acd17e,ул,Столбовая
1049,d0cff7d9-20d9-4c2d-a857-2799e8d105ed,ул,Челябинская
1050,d12cec76-9a90-406a-9966-9e2d06be4e72,ул,Пионерская
1051,d188fd9f-c479-4a91-99d1-d1b3bfcdcc74,проезд,Ямбургский
1052,d19b0bcf-3b53-4916-a4aa-59487d3dcb80,ул,Андрея Бушуева
1053,d19e7204-dce8-4160-8bd4-13ada5e38b19,ул,Василия Гольцова
1054,d1fe261e-2bb2-4afe-8692-1adaa018a66f,проезд,Гурзуфский
1055,d2f58e16-ab1b-42f6-8492-ff3b339a59aa,ул,Сладковская
1056,d321d088-c91b-4807-a928-d79f879a1295,ул,Полярная
1057,d32c3eeb-8255-488b-8471-574ba7205814,проезд,Симферопольский
1058,d335afce-d36c-4693-94b8-b19e2ded657c,ул,Клубная
1059,d341d356-49e0-4396-9f8f-6c3e4615ad55,ул,Щербакова
1060,d36cb057-5770-41e9-88b8-f30971c5d962,ул,Боровая
1061,d416a976-73d8-4c90-9acb-b26db50bfe37,проезд,"3-й Слободской"
1062,d43fe940-50f9-4bf0-a912-e5de221b8069,ул,Голышмановская
1063,d44a20e4-3fbf-465b-b5bc-3a83effb39f8,ул,Василия Бахилова
1064,d45d03ed-d987-4124-9284-f7fea9f94520,ул,Менжинского
1065,d467ec85-0d7c-4cf0-b55d-7632a0153f01,ул,Юргинская
1066,d5120416-18d3-4f1e-ad7b-3ec4a3d19f9b,ул,Цимлянская
1067,d517c6ea-b7f9-4ac5-8552-4e1a83f7be92,ул,Мельникайте
1068,d520aabc-342c-45a8-8c89-1123f4c69494,ул,Земская
1069,d57321fe-dfef-4b49-a752-9e16bbfa74ac,ул,Рылеева
1070,d5ddd9c2-0ebf-4987-aed5-358fc60db06f,ул,Дамбовская
1071,d60e66eb-802a-425d-9772-502c11a9deb2,ул,Топчева
1072,d630b2a8-0f4a-468a-985d-768340e9ab34,пер,Юннатов
1073,d6406975-2e4f-4b85-82c1-f164c9f4016a,пер,Степной
1074,d70662c7-ea3b-4d03-82e7-02671869b537,ул,Гранитная
1075,d73b0df3-2d4b-41d1-8a18-f3a9de7772b1,ул,Оренбургская
1076,d75c30c7-b93f-44d8-b42d-b8c54e549194,проезд,"3-й Земской"
1077,d7698cac-ac05-40b0-a777-6bd6041006d3,ул,Фирменная
1078,d789062f-b104-4b27-9ceb-46d6d22a17c8,ул,Владимира Бахарева
1079,d81fa7eb-52e7-46d1-afa4-d7d58b2fe047,ул,Транспортная
1080,d85d1900-e1a0-48a4-84c4-34e32170ae1f,ул,Интернациональная
1081,d8b71201-30db-4ea3-af51-7d38dc472870,проезд,Танкистов
1082,d8db30d8-e0a6-4313-b343-c92df77ddfa5,ул,Энтузиастов
1083,d8e2d412-daf4-4430-86ef-39a875ffc868,ул,Муравленко
1084,d8ef3901-1a19-4e30-8db6-76a102442e22,ул,Беломорская
1085,d970b9a8-e84c-4905-a721-5aa29cff8b06,ул,Широтная
1086,d97bfd7d-2543-4952-bbfa-59c0ca7d6f64,ул,Карла Маркса
1087,d988fbb5-dae8-42ad-8ace-53d67156d32a,тракт,Червишевский
1088,d9b640f2-3734-4bfc-b876-e01b35640cb0,ул,Майская
1089,da1c5e64-bcbf-413e-bf25-e67ae9a9fd7a,ул,Ростовская
1090,da8c55c3-bb14-49e3-a02b-434f7615f043,ул,Шадринская
1091,daa79543-d4e1-4cf7-bd3a-5936e670aea8,ул,Салтыкова-Щедрина
1092,dab96fd4-346e-4fc5-bcdd-f808642b31fb,ул,Питерская
1093,dad140c7-44f1-4700-aa7b-e4f3a723a553,пер,Добрый
1094,dae516a7-6b52-4c79-b6f7-32c20a2cdf59,ул,Репина
1095,dae6f518-282c-499b-87df-b274d9db0fd8,проезд,Хоккейный
1096,dafc97ae-3a46-43b0-aca5-100ea6783222,пер,"5-й Красовского"
1097,db658ee9-a5e6-46ec-9ccb-12a5a494d306,ул,Стрелецкая
1098,db65e76a-12c9-4a8c-8805-45033061bf82,ул,Шишкова
1099,db79d586-5452-455d-b9a7-b2fcfb1a55d6,пер,Кузнечный
1100,db7eb642-bab2-4f87-93aa-84025dce9197,ул,Семипалатинская
1101,dc388fa1-80a3-4e36-be50-e6295244c5fa,пер,Вагонный
1102,dca96c02-612c-4cc9-89e2-5f635357f1c4,ул,Строителей
1103,dcfb927b-5f9e-42fa-a50e-469cd4103b7a,тракт,Велижанский 3 км
1104,dd089c2d-d4a5-43ed-8e4d-f9c925d434bf,ул,Военная
1105,dd242602-2492-448a-918c-c8c5e9145e91,пер,Береговой
1106,dd242cdd-5017-4212-b76d-4f234ee89326,пер,Уфимский
1107,dd4b9f41-36fe-4b0a-b7ae-27de10f16cee,ул,Казанская
1108,ddad658a-ad91-4520-8c28-a08bb3f3d817,ул,Запольная
1109,ddcee789-4e55-494c-9e9e-73287c3eedf7,пер,Промышленный
1110,de03421d-02e3-4904-8990-219958df3585,ул,Филатова
1111,de25f9d5-5dd9-4cba-9891-ebf86b5b184c,ул,Войновка
1112,de3f840c-51e8-4b41-941b-cc4a864046db,ул,Михаила Баранова
1113,de509ffa-ecfe-4b2e-ace2-0b615f612984,ул,Павла Рощевского
1114,de91d755-0e74-48e4-b6aa-78a4899ba334,ул,Нижнетавдинская
1115,de9d4c64-862f-4f8b-a7c5-2ce4d9b4c516,ул,Ялуторовская
1116,dedbc776-c15b-4ca1-bbc9-cd904f8ba655,ул,Якова Коровина
1117,def093ca-56f4-4916-82fa-1068efbf5cab,ул,Московская
1118,df700353-79e8-4cbe-94a6-5b5352867723,ул,Лавровая
1119,df8a632e-ba19-40b1-9bf4-97a237b437cb,ул,Мартовская 1-я
1120,dfd8d119-e6aa-46d4-a989-145b9683558a,ул,Калинина
1121,e0665d4a-96a9-45b2-a074-0ed8480dcbe2,ул,Строительная
1122,e0b04ad8-9ecf-4803-8802-f36cf7c97b24,ул,"70 лет Октября"
1123,e0ba371c-2662-4e17-825a-31149b3061d4,ул,Иртышская
1124,e0f34972-ae65-4a35-babb-3619b3195eec,ул,Семакова
1125,e0f89cf9-1155-49cc-97a5-9a4e13da7dc8,ул,Гайдара
1126,e1181a43-a65f-4b45-bd4b-96eb4b4595f9,пер,Благовещенский
1127,e162e688-3bd8-40f0-a54b-e96639e4301a,ул,Любимая
1128,e1ebeca0-d2ee-4495-844b-0feb279067b7,ул,Анатолия Шакшина
1129,e210ed78-100e-45e5-ac11-8f3a882d1364,ул,Дивная
1130,e21aec85-0f63-4367-b9bb-1943b2b5a8fb,ул,Мориса Тореза
1131,e221bbc6-3655-4b6b-80b2-e92a0640345e,ул,Ромашковая
1132,e242a513-5b0b-434c-af7a-9503446f29b7,ул,Харьковская
1133,e24f8c8b-2cfd-4687-8ba7-74ef130f9dbf,ул,Березовая
1134,e2b07fb1-e030-4d21-b4b4-c0ffccfe321f,ул,Осенняя
1135,e2bb18d6-d037-4a68-9a0c-9af02d8ecc52,проезд,"1-й Земской"
1136,e2d02e8e-c827-4a5b-9075-6d01a8f5dd53,ул,Михаила Базовкина
1137,e2d1daa4-226d-47be-9ead-5757053ac005,ул,Кремлевская
1138,e2d3a9db-6d76-4611-a749-4a772d81cdaa,ул,Выборгская
1139,e2d7aa9b-70ca-470f-9ec8-e061ac1d30bf,ул,Красноярская
1140,e2dbca44-694a-4740-a521-f59db9c60058,ул,Омская
1141,e3583e7c-a4bb-402d-ac43-54a4e77a9da2,ул,Профсоюзная
1142,e46e1e39-3c49-4161-8cb0-fcc7273131b4,ул,Крылова
1143,e4f3df42-9b23-40ed-a7a7-40a587ac1dfa,пер,Ленинградский
1144,e52b4ab3-deba-4409-862a-f02e0362f5ef,ул,Красноармейская
1145,e53986ed-0c45-459c-8cd4-60cb081b8bd4,ул,Тимирязева
1146,e5611368-76d1-4aee-b254-0a0e2dc0abbd,ул,Александровская
1147,e5701d7b-03a7-49f1-b6ab-2cc437c8b270,ул,Новгородская
1148,e599aab4-ea27-458f-a5e2-3ad6bd3f0801,ул,Земляной Вал
1149,e5d45036-e509-4a26-8d05-4f06da44f19e,ул,Амурская
1150,e5fdbff7-492e-46ef-b227-f4ee3a84501d,ул,Уездная
1151,e62d8dfe-27e9-4abd-860f-8acdc05b5dee,ул,Лопарева
1152,e64b406b-9178-48d2-a540-1e45a5bdd1ad,пер,Черняховского
1153,e65ad36a-b9f9-4fed-b090-e463f80b00f6,ул,Ипподромская
1154,e66c6b69-ef5e-4acd-9017-b887d23be656,проезд,"7-й Слободской"
1155,e695f0d7-a421-4463-ab58-fea5fb9f4715,тракт,Московский 5 км
1156,e6d95e76-cabb-4fec-a5b1-706eea0ce8cb,ул,Дмитрия Коротчаева
1157,e702b839-b726-4f9b-bcee-be2d1d198105,ул,Велижанская
1158,e7273e49-ce59-41c4-8b15-af3401a5ce04,пер,Пригородный
1159,e7496814-7198-47b5-9c9a-094ef8bf175e,ул,Теплотехников
1160,e762afc2-5e05-43a5-8b7e-eb24622ed611,ул,Бердюжская
1161,e78db869-3a27-415c-88c6-283cbe19de9e,ул,Плехановская
1162,e7994012-c676-4333-8a4a-7bc8f56490d2,ул,Самолетная
1163,e7a00905-52e4-454f-b570-72ce3e0286e6,ул,Минская
1164,e7fd9df1-6df6-4197-9b04-dafb2dded903,ул,Цветная
1165,e853fed5-a0bd-497b-a4dd-a84f2ff0b8e2,ул,Александра Митинского
1166,e934fc2e-39b8-4795-a400-65a3761d02dc,ул,Николая Никитина
1167,e9536d47-3f85-46eb-8f68-a3eb24e57484,ул,Ленская
1168,e959836c-bb7a-476d-af5a-20f3682d80f2,ул,Стартовая
1169,e97548e1-c56d-4c31-a555-ba4b43323d7d,ул,Пристанская
1170,e97a4730-9e76-4e8a-a8fc-8633a6e70f18,пер,Кондинский
1171,e9e322b1-2675-4a26-8663-451abf9cefd3,ул,Белоярская
1172,e9ff3ced-a0a9-476c-b9e2-fc5016e364ee,ул,Грибоедова
1173,ea3a64fe-63bb-4961-8c15-23f25e8afb83,ул,Тазовская
1174,ea5d14ad-7a2c-4eb8-a3cd-7bee9f70a797,ул,Почтовая
1175,ea82e506-b51d-4023-89c2-7ede945f5d0b,ул,Аккумуляторная
1176,eaea38b3-5d7a-4e3e-945a-5cc712fb0fc9,ул,Лебяжья
1177,ebe33db9-70be-4222-9a2c-079cbd7a81b2,тракт,Старый Тобольский
1178,ec09bef3-86e9-4ca0-9988-11fe65ca53b1,проезд,"2-й Слободской"
1179,ec4213a3-aff4-4d65-afa8-06d2813f7ea3,ул,Кубанская
1180,ec5a971e-d791-40c5-8731-1aa3e232ea1f,пер,Западный
1181,ec5a9a1c-1727-487d-bd8f-721da2fceb24,ул,Балтийская
1182,ec9c60fe-3b79-4817-b6e0-d40f4eab3959,ул,Судостроителей
1183,ecbd39d3-3d39-4661-b0ab-ea930ed49250,ул,Курчатова
1184,ecf4afec-beb3-4e7d-8d54-89cdcb4fae4d,ул,Толбинская
1185,ecf6e9a0-f31b-4dab-8319-7729e08e25d4,ул,Романа Новопашина
1186,ed0dcb04-4213-4bf7-809e-5d8a98fc635c,пер,Ключевой
1187,ed3374c0-5b48-4a78-94c0-1776609646d8,тракт,Салаирский 12 км
1188,ed7c93fe-6dc4-49ed-a696-5e7dfbf23dc0,ул,Щорса
1189,eda3fe8c-8284-4cab-a16f-2061635ed260,проезд,Ивовый
1190,edbacc8e-e561-4d83-b01a-a855d54be4e4,ул,Стрежевая
1191,edc1f7e3-5623-4850-b6e4-b64d48a317c4,ул,Односторонка Червишевского тракта
1192,edd31a56-968f-42fa-b605-e1e266dfaae7,проезд,Абатский
1193,eddff06d-73ee-404b-9a7c-eba320de0389,ул,Искусств
1194,edf2732b-bfb7-447a-a4f2-49bb4de93b0f,ул,Боровская
1195,edf88858-7059-4d14-8b39-ad2e6fdb06d4,ул,Спортивная
1196,ee5592ba-3183-496b-9dc1-827a4321edaf,ул,Ильи Кургузова
1197,eebfa9d5-2b5b-4309-89de-b9fda2941d02,ул,Вознесенская
1198,ef04462e-c6fb-4c99-994a-21eb6d745ff7,ул,Николая Ростовцева
1199,ef07c569-a824-44eb-9534-293bbdba793a,ул,Декабристов
1200,ef10ffa8-a958-40e6-a963-a082dcc95d6d,пер,Оловянникова
1201,ef82d406-f00c-4523-95e4-9614ab5d5814,ул,Елецкая
1202,efefd41c-ac0d-448e-b5ea-7375b5e980af,ул,Кооперативная
1203,f00269cb-384c-4f6f-98ee-b0e09b753a12,ул,Егорьевская
1204,f04cf94f-417a-4ad6-b458-54d1254cfaf2,проезд,Джанкойский
1205,f0961306-9f53-4bec-a831-c15091157710,ул,Петропавловская
1206,f0a34a02-36ab-43c8-a9a3-06fa0c0c34bc,ул,Тарская
1207,f0e830ef-9600-4905-b918-e196a0e07c09,ул,Торговая
1208,f1127b16-8a8e-4520-b1eb-6932654abdcd,ул,"50 лет ВЛКСМ"
1209,f11fcbe3-c04d-402a-bda1-88a9cec5b5e5,ул,Хлебная
1210,f1582b4e-922e-4eec-b957-1b8a344a39bd,ул,Тамбовская
1211,f166cc54-02fe-4d87-a916-dea8d015e387,ул,Текстильная
1212,f22b169b-7980-437a-8882-350d0a46a000,ул,Свердлова
1213,f28a215a-57c5-4d37-86ad-30960dee5d01,тракт,Салаирский 9 км
1214,f29afc1e-c5b2-4603-91c2-e302cacbb3b5,ул,Дмитрия Яника
1215,f2ad7548-bff5-4b91-92e5-4dc3cf3904f1,ул,Краснодарская
1216,f2d13071-d3c4-4709-9786-13ac1143b83d,ул,Ползунова
1217,f3031827-fc1e-44f6-81dd-ee07cde28d87,пер,Пышминский
1218,f3470e5f-09e9-4e4b-8885-a3106f8d1dc4,ул,"4-я Северная"
1219,f3732a13-6b96-4d33-82b7-fd715d56011f,ул,Восстания
1220,f3a8d5cc-9bc5-4dd3-826b-796d1373efe4,ул,Малышева
1221,f3b47198-33d8-4ed3-b654-1dc284c6ba24,ул,Ершова
1222,f40268cc-813b-403d-a07e-064086715956,тракт,Велижанский 15 км
1223,f410f00c-ffbd-463f-a907-4f6732eb6847,ул,Бийская
1224,f4289f77-3aca-4f98-ab00-f5300b658168,ул,Нагорная
1225,f47c1ca7-ab82-4c50-bd16-0087c9027506,проезд,Февральский
1226,f49ce3ef-bf0e-47ac-852a-1a3be6f4c8f1,ул,Механическая
1227,f4b6a31d-d500-4994-804a-02301cb1d26c,ул,Пархоменко
1228,f4f1a2a8-5733-450f-8d87-9f5fe2b3c5af,ул,Садовая
1229,f5010ec9-4f13-4b68-8bd5-d3dde5f71498,ул,Игарская
1230,f537ad33-0667-44c2-8f88-74e410020145,ул,Фармана Салманова
1231,f53d17b8-625d-4812-9d49-902af488f5d5,ул,Евгения Богдановича
1232,f5464543-8a3a-4ea5-a499-efffbca3ce32,ул,Раушана Абдуллина
1233,f5ba4d2f-375a-420c-a82f-0bb37dc1bccb,ул,Станкостроителей
1234,f5e984e5-1870-440e-a5e4-282153b79116,проезд,Бахчисарайский
1235,f6389ef1-76ca-4c01-b82b-3f064e6373cc,проезд,Аркадия Зенковского
1236,f6660701-d26c-45f0-b208-30882411f3cf,ул,Анатолия Замкова
1237,f68c0bbf-7419-41f4-9cd8-af181c24dd61,пер,Бородинский
1238,f726d824-77ac-45ad-833c-27dd2ff0d656,ул,Миусская
1239,f7e7237d-ba74-419b-84f8-287a701c5ec6,ул,Льва Цибулина
1240,f804c348-9b43-498d-a307-387103905bf0,ул,Хабаровская
1241,f8082ef0-edc7-4759-9f45-4f552b59e5d1,ул,Космонавтов
1242,f8094dc3-39a0-4712-b797-0ff1ff760bff,пер,Логовой
1243,f8137c46-b89b-4c5f-82f8-7e18cdbf1205,ул,Георгия Жукова
1244,f8c72de7-ae16-4010-b97f-b3ea116f8b28,ул,Лесопильная
1245,f8cd611d-5a42-4a04-8b9a-b18105d98b38,ул,Валерии Гнаровской
1246,f9330766-4f96-43cb-b5ef-410572b32435,ул,Таллинская
1247,f9380d7e-e4b4-44e1-aadf-226b7c4aaf43,тракт,Салаирский 18 км
1248,f95641c7-4dbe-4f78-b4ff-79d188fb6dc7,ул,Софьи Ковалевской
1249,f988498a-7bb4-4484-be16-822ae59d9f26,ул,Железнодорожная база
1250,f99d905d-39c0-4e2d-a0a8-7c853b5d8164,ул,Бориса Опрокиднева
1251,f9db9e06-193e-4a8b-a5ae-2c2240f67f56,проезд,Ивана Шемановского
1252,fa047aa8-ecb6-40bf-ada4-e4498d71f4e1,тракт,Салаирский 11 км
1253,fa0d736a-b26a-4b94-85e6-0c44bf47d544,проезд,Лыжный
1254,fa460251-6635-41db-bdec-fd6aec4a0e5f,ул,Флотская
1255,fa485f95-3e39-4d0b-b477-9e536281c2df,ул,Алексея Рогожина
1256,fa48951b-6d25-4bd1-990b-4ff595e8097e,ул,"6-я Западная"
1257,fa4a6b4c-d54e-40f9-8d99-459ce1b02730,ул,Торфяная
1258,fa62a06c-9693-4c31-8721-9ea0d1e42cfc,ул,Пуровская
1259,fa66480b-fe37-47be-b254-d356b4f2eea4,проезд,Григория Буракова
1260,fa68702a-b2f6-4104-a93b-4e3b7b8ee2e8,ул,Василия Левушкина
1261,fa97bff8-05ca-4fe6-b2c7-a5cedb863162,ул,Техническая
1262,faae9d7e-334d-449f-b9db-842d829159da,проезд,Виталия Тарасова
1263,fae60283-6ba5-40b6-8f7e-8dedfcd0d2ef,ул,Кубасова
1264,fb5ddc78-26f5-44bf-a533-25522e7df0f5,ул,Хамита Ярми
1265,fbb4c397-9a79-48b0-b98c-7c31f38462cd,пер,Деревообделочников
1266,fbc2ec1e-e46f-4f0f-a59b-9e6255184887,ул,Сталеваров
1267,fc423415-1c74-42d5-86d3-1d14900c133c,ул,Исетская
1268,fc4c168b-9a87-4e79-8171-e8d5b754206a,проезд,Мидхата Сафиуллина
1269,fc7128c5-2164-4d96-8821-3cd718862089,проезд,"1-й Губернский"
1270,fcd7281a-3775-419c-b9e5-af16c81a6f20,проезд,Майский
1271,fd4d0863-cd43-44fb-a40f-c24c7b351d50,ул,К.Заслонова
1272,fd663bda-c420-4b8a-bfed-c349257da281,проезд,"6-й Губернский"
1273,fd6d89e0-9b41-49cb-ab45-f20b9762c9df,ул,Валерия Черенцова
1274,fdaeebd2-83c2-42c7-bdbe-44ffea32bcc7,ул,Чукотская
1275,fe3793c3-373c-436b-bcd2-7a1f1555869b,ул,Давыдова
1276,fe3e9fb1-58f7-4cc5-9e4f-f9c001fddfa1,ул,Степана Третьякова
1277,fe596ef8-383b-42ea-bc3c-22cc2768dd22,ул,Пролетарская
1278,fe7453d2-8fd4-4ebe-988f-1a31aa8e1e55,тракт,Старый Тобольский 5 км
1279,fe7fc03e-146b-451a-b6da-9271a7406e7f,ул,Бабарынка
1280,fe873fb8-4ada-41fe-a3dd-1c99f4fcc00a,ул,Шебалдина
1281,fea52135-bf11-4634-84fd-6e0a86f698f6,пер,Целиноградский
1282,fed0114b-1f42-4872-97c1-b229885147df,ул,Николая Абрамова
1283,fef25308-fff6-4114-95b6-17d74510ef38,ул,Кишиневская
1284,ff90b765-8174-4a3b-98dc-358aa7b14495,ул,Ватутина
1285,ffae1a3e-7f13-4219-af8e-b52846eca6a7,тракт,Велижанский 6 км
1286,ffdc599f-7c26-40a3-8758-a5b3b975b0d4,ул,Неатбакова
